date,side,or_width,prior_adx,entry_et,exit,points,net,cum_net
2019-06-17,long,35.8,28.3,09:48,flat 15:55,-1.5,-4.24,-4.24
2019-06-18,long,75.2,26.7,09:46,flat 15:55,-35.0,-71.24,-75.48
2019-06-19,short,46.5,26.1,14:00,stopped,-48.0,-97.24,-172.72
2019-06-20,short,27.8,25.6,10:19,flat 15:55,1.0,0.76,-171.96
2019-06-21,long,21.0,25.8,09:56,flat 15:55,3.0,4.76,-167.2
2019-06-24,short,15.0,26.0,09:48,flat 15:55,7.8,14.26,-152.94
2019-06-25,short,29.8,26.1,09:48,flat 15:55,104.5,207.76,54.82
2019-06-27,long,24.2,23.7,09:54,stopped,-25.8,-52.74,2.08
2019-06-28,short,28.8,22.6,09:48,flat 15:55,3.8,6.26,8.34
2019-07-02,long,19.8,22.0,10:28,stopped,-21.2,-43.74,-35.4
2019-07-04,long,4.5,22.7,10:54,flat 15:55,-1.2,-3.74,-39.14
2019-07-05,short,16.8,23.3,09:45,stopped,-18.2,-37.74,-76.88
2019-07-08,short,37.2,22.7,09:47,flat 15:55,-29.5,-60.24,-137.12
2019-07-09,long,33.8,21.9,09:45,flat 15:55,55.8,110.26,-26.86
2019-07-10,long,43.5,21.5,09:48,stopped,-45.0,-91.24,-118.1
2019-07-11,short,19.5,21.8,10:30,stopped,-21.0,-43.24,-161.34
2019-07-12,long,17.8,22.1,09:45,stopped,-19.2,-39.74,-201.08
2019-07-15,short,17.5,22.5,09:46,stopped,-19.0,-39.24,-240.32
2019-07-16,short,12.8,23.1,10:18,flat 15:55,21.2,41.26,-199.06
2019-07-18,long,38.0,22.3,10:21,stopped,-39.5,-80.24,-279.3
2019-07-19,short,25.5,21.3,09:45,flat 15:55,85.0,168.76,-110.54
2019-08-06,long,38.8,20.4,10:03,stopped,-40.2,-81.74,-192.28
2019-08-07,short,45.8,22.7,09:45,stopped,-47.2,-95.74,-288.02
2019-08-08,short,33.8,25.1,09:51,stopped,-35.2,-71.74,-359.76
2019-08-12,short,47.8,25.7,11:13,stopped,-49.2,-99.74,-459.5
2019-08-13,long,75.8,26.3,09:45,flat 15:55,111.8,222.26,-237.24
2019-08-14,short,37.5,25.4,09:45,flat 15:55,71.2,141.26,-95.98
2019-08-15,short,74.8,24.8,11:20,flat 15:55,-52.0,-105.24,-201.22
2019-08-16,long,26.8,24.5,10:21,flat 15:55,34.0,66.76,-134.46
2019-08-19,long,28.0,23.7,11:42,flat 15:55,-9.0,-19.24,-153.7
2019-08-20,short,36.8,22.0,09:51,stopped,-38.2,-77.74,-231.44
2019-11-19,short,15.8,21.8,09:46,flat 15:55,3.0,4.76,-226.68
2019-11-20,long,15.5,23.0,09:48,stopped,-17.0,-35.24,-261.92
2019-11-21,short,23.5,22.6,09:45,stopped,-25.0,-51.24,-313.16
2019-11-22,short,19.0,22.2,09:55,flat 15:55,8.8,16.26,-296.9
2019-11-25,long,35.8,21.6,09:50,flat 15:55,25.5,49.76,-247.14
2019-11-26,short,16.5,22.0,09:46,stopped,-18.0,-37.24,-284.38
2019-11-28,long,4.5,23.7,11:37,flat 15:55,0.2,-0.74,-285.12
2019-11-29,short,11.5,24.7,11:45,flat 15:55,-0.5,-2.24,-287.36
2019-12-02,short,57.0,25.0,09:50,flat 15:55,38.5,75.76,-211.6
2019-12-03,short,39.2,23.3,09:48,stopped,-40.8,-82.74,-294.34
2019-12-04,long,30.0,22.8,10:04,flat 15:55,-17.5,-36.24,-330.58
2019-12-05,short,23.8,21.5,09:59,flat 15:55,-6.0,-13.24,-343.82
2019-12-06,long,17.0,20.2,09:45,flat 15:55,14.2,27.26,-316.56
2019-12-18,long,13.5,20.3,11:16,flat 15:55,-11.5,-24.24,-340.8
2019-12-19,long,18.0,21.4,10:29,flat 15:55,28.8,56.26,-284.54
2019-12-20,long,22.8,22.8,13:08,flat 15:55,-4.5,-10.24,-294.78
2019-12-23,short,12.8,24.4,10:05,stopped,-14.2,-29.74,-324.52
2019-12-24,short,20.2,26.0,09:46,flat 15:55,-16.2,-33.74,-358.26
2019-12-26,long,16.8,27.3,09:45,flat 15:55,35.5,69.76,-288.5
2019-12-27,short,19.0,29.1,09:49,flat 15:55,27.2,53.26,-235.24
2019-12-30,short,66.8,30.9,09:45,flat 15:55,-2.5,-6.24,-241.48
2019-12-31,long,53.0,31.1,09:49,flat 15:55,4.5,7.76,-233.72
2020-01-02,long,36.8,31.4,14:19,flat 15:55,31.2,61.26,-172.46
2020-01-03,long,70.2,32.5,12:01,flat 15:55,-22.0,-45.24,-217.7
2020-01-06,long,47.0,33.1,09:45,flat 15:55,86.5,171.76,-45.94
2020-01-07,short,42.2,32.9,09:45,stopped,-43.8,-88.74,-134.68
2020-01-08,long,38.2,32.9,09:54,flat 15:55,44.0,86.76,-47.92
2020-01-10,short,37.2,34.4,12:06,flat 15:55,20.8,40.26,-7.66
2020-01-14,short,34.2,36.6,09:51,stopped,-35.8,-72.74,-80.4
2020-01-15,long,28.2,37.7,09:54,stopped,-29.8,-60.74,-141.14
2020-01-16,long,27.5,38.5,09:45,stopped,-29.0,-59.24,-200.38
2020-01-17,short,39.2,39.5,11:13,stopped,-40.8,-82.74,-283.12
2020-01-20,long,8.5,40.8,09:52,stopped,-10.0,-21.24,-304.36
2020-01-21,long,19.5,41.9,09:51,flat 15:55,-1.0,-3.24,-307.6
2020-01-22,long,29.5,42.5,09:59,stopped,-31.0,-63.24,-370.84
2020-01-24,short,22.2,43.6,09:47,target,117.8,234.26,-136.58
2020-01-30,long,70.5,36.8,14:42,flat 15:55,20.2,39.26,-97.32
2020-01-31,short,61.0,36.0,09:45,flat 15:55,118.2,235.26,137.94
2020-02-03,long,58.8,34.6,09:45,flat 15:55,33.5,65.76,203.7
2020-02-05,short,86.0,33.6,10:13,flat 15:55,2.5,3.76,207.46
2020-02-10,long,59.2,35.7,09:45,flat 15:55,79.8,158.26,365.72
2020-02-11,short,43.0,36.6,14:03,flat 15:55,3.8,6.26,371.98
2020-02-12,long,24.8,37.8,11:25,flat 15:55,18.5,35.76,407.74
2020-02-13,long,39.2,39.0,09:45,flat 15:55,26.0,50.76,458.5
2020-02-14,short,32.0,39.8,09:50,stopped,-33.5,-68.24,390.26
2020-02-17,long,8.0,40.6,10:48,flat 15:55,0.8,0.26,390.52
2020-02-18,long,41.2,41.5,09:53,flat 15:55,21.0,40.76,431.28
2020-02-19,long,30.0,40.9,09:52,flat 15:55,18.8,36.26,467.54
2020-02-20,short,32.8,40.9,11:07,target,167.5,333.76,801.3
2020-02-21,short,78.2,39.1,09:45,flat 15:55,66.0,130.76,932.06
2020-02-25,short,70.8,35.9,09:45,target,219.2,437.26,1369.32
2020-02-27,short,91.2,36.7,09:46,stopped,-92.8,-186.74,1182.58
2020-03-02,long,111.8,40.1,10:54,flat 15:55,255.2,509.26,1691.84
2020-03-03,short,103.5,39.9,09:50,stopped,-105.0,-211.24,1480.6
2020-03-04,short,95.8,39.1,09:53,stopped,-97.2,-195.74,1284.86
2020-03-05,long,80.5,38.4,10:18,stopped,-82.0,-165.24,1119.62
2020-03-06,long,84.2,37.9,10:16,stopped,-85.8,-172.74,946.88
2020-03-10,short,106.5,39.4,09:48,stopped,-108.0,-217.24,729.64
2020-03-11,long,90.2,39.8,10:08,stopped,-91.8,-184.74,544.9
2020-03-12,short,115.0,40.3,09:50,stopped,-117.8,-236.74,308.16
2020-03-24,long,109.5,47.0,10:25,stopped,-111.0,-223.24,84.92
2020-03-26,long,123.8,45.2,09:59,flat 15:55,245.8,490.26,575.18
2020-03-27,short,106.2,43.5,09:47,stopped,-107.8,-216.74,358.44
2020-03-30,long,82.5,42.0,10:03,flat 15:55,159.8,318.26,676.7
2020-03-31,long,57.0,40.2,10:06,stopped,-58.5,-118.24,558.46
2020-04-01,long,72.5,38.1,10:16,stopped,-74.0,-149.24,409.22
2020-04-02,long,104.2,37.1,10:12,flat 15:55,88.5,175.76,584.98
2020-04-07,short,97.2,33.1,10:06,flat 15:55,131.0,260.76,845.74
2020-04-08,long,54.0,31.2,11:20,flat 15:55,75.5,149.76,995.5
2020-04-13,long,67.5,26.8,13:52,flat 15:55,70.8,140.26,1135.76
2020-04-14,long,82.0,25.2,09:45,flat 15:55,137.2,273.26,1409.02
2020-04-15,long,67.2,24.9,10:49,flat 15:55,-0.2,-1.74,1407.28
2020-04-16,long,51.0,24.6,10:49,stopped,-52.5,-106.24,1301.04
2020-04-17,short,107.5,24.9,10:38,flat 15:55,-56.8,-114.74,1186.3
2020-04-20,long,55.0,25.3,10:24,stopped,-56.5,-114.24,1072.06
2020-04-21,short,113.5,25.6,09:45,flat 15:55,157.2,313.26,1385.32
2020-04-22,long,56.5,24.4,10:40,flat 15:55,79.5,157.76,1543.08
2020-04-23,long,82.2,23.5,10:18,stopped,-83.8,-168.74,1374.34
2020-04-24,short,51.2,22.9,09:46,stopped,-52.8,-106.74,1267.6
2020-04-27,short,39.8,22.4,10:59,stopped,-41.2,-83.74,1183.86
2020-04-28,short,55.0,22.2,09:48,flat 15:55,189.2,377.26,1561.12
2020-04-30,short,79.8,21.3,12:00,flat 15:55,-42.8,-86.74,1474.38
2020-05-01,long,62.8,21.2,10:00,stopped,-64.2,-129.74,1344.64
2020-05-04,long,36.8,20.2,09:48,flat 15:55,115.2,229.26,1573.9
2020-05-12,short,81.0,20.5,09:50,flat 15:55,145.2,289.26,1863.16
2020-05-13,short,98.8,20.8,11:38,flat 15:55,51.5,101.76,1964.92
2020-05-14,long,63.8,20.2,12:55,flat 15:55,100.5,199.76,2164.68
2020-05-25,long,12.5,21.5,09:50,flat 15:55,5.8,10.26,2174.94
2020-05-26,short,50.2,22.2,09:50,flat 15:55,140.2,279.26,2454.2
2020-05-27,short,61.0,22.0,09:46,stopped,-62.5,-126.24,2327.96
2020-05-28,long,80.5,20.7,10:08,flat 15:55,-61.2,-123.74,2204.22
2020-06-10,long,43.0,20.2,10:00,stopped,-44.5,-90.24,2113.98
2020-06-11,short,76.8,21.6,11:01,flat 15:55,272.5,543.76,2657.74
2020-06-12,long,70.5,20.2,09:45,stopped,-72.0,-145.24,2512.5
2020-07-10,short,92.2,20.4,10:00,stopped,-93.8,-188.74,2323.76
2020-07-13,long,67.2,22.1,10:28,stopped,-68.8,-138.74,2185.02
2020-07-15,short,89.2,24.8,11:03,flat 15:55,7.0,12.76,2197.78
2020-07-16,long,62.5,25.6,13:14,flat 15:55,2.8,4.26,2202.04
2020-07-17,short,68.0,25.9,09:46,stopped,-69.5,-140.24,2061.8
2020-07-21,short,97.5,27.4,10:10,flat 15:55,100.2,199.26,2261.06
2020-07-22,short,53.8,28.8,10:47,stopped,-55.2,-111.74,2149.32
2020-07-23,short,46.8,29.8,10:12,flat 15:55,238.2,475.26,2624.58
2020-07-27,long,97.0,27.7,09:49,stopped,-98.5,-198.24,2426.34
2020-07-28,short,67.8,26.8,09:51,stopped,-69.2,-139.74,2286.6
2020-07-29,short,35.5,26.0,09:49,stopped,-37.0,-75.24,2211.36
2020-07-30,long,66.2,25.4,09:47,stopped,-67.8,-136.74,2074.62
2020-07-31,short,121.2,25.6,10:03,flat 15:55,-86.8,-174.74,1899.88
2020-08-03,long,62.0,25.8,09:45,flat 15:55,11.8,22.26,1922.14
2020-08-04,long,43.8,26.5,09:45,stopped,-45.2,-91.74,1830.4
2020-08-06,long,39.2,28.0,10:00,flat 15:55,139.2,277.26,2107.66
2020-08-07,long,32.8,29.1,09:47,stopped,-34.2,-69.74,2037.92
2020-08-11,short,74.2,30.0,10:07,stopped,-75.8,-152.74,1885.18
2020-08-12,long,48.8,29.4,09:48,flat 15:55,135.8,270.26,2155.44
2020-08-13,long,66.0,29.3,10:30,stopped,-67.5,-136.24,2019.2
2020-08-14,short,49.2,29.5,09:46,flat 15:55,-3.2,-7.74,2011.46
2020-08-17,long,30.2,29.5,09:46,flat 15:55,33.0,64.76,2076.22
2020-08-18,long,56.0,29.8,12:32,flat 15:55,8.5,15.76,2091.98
2020-08-19,long,48.2,30.4,11:00,stopped,-49.8,-100.74,1991.24
2020-08-20,long,74.0,31.1,09:45,flat 15:55,135.0,268.76,2260.0
2020-08-21,long,35.5,32.0,09:45,flat 15:55,62.2,123.26,2383.26
2020-08-26,long,34.0,35.9,10:24,flat 15:55,166.0,330.76,2714.02
2020-08-27,short,103.5,37.8,10:06,stopped,-105.0,-211.24,2502.78
2020-08-28,long,31.8,39.6,09:59,stopped,-33.2,-67.74,2435.04
2020-08-31,long,48.2,41.3,09:45,flat 15:55,89.0,176.76,2611.8
2020-09-02,short,76.2,45.3,09:51,stopped,-77.8,-156.74,2455.06
2020-09-03,short,110.2,47.4,10:12,target,299.8,598.26,3053.32
2020-09-07,long,27.5,42.8,09:47,stopped,-29.0,-59.24,2994.08
2020-09-09,long,99.2,38.8,10:25,flat 15:55,146.5,291.76,3285.84
2020-09-10,long,81.8,37.2,09:53,stopped,-83.2,-167.74,3118.1
2020-09-11,short,87.0,36.1,09:47,flat 15:55,107.5,213.76,3331.86
2020-09-14,long,78.0,35.5,09:45,stopped,-79.5,-160.24,3171.62
2020-09-15,long,48.5,34.5,09:50,stopped,-50.0,-101.24,3070.38
2020-09-16,short,55.8,33.1,09:46,flat 15:55,171.8,342.26,3412.64
2020-09-17,long,83.0,32.1,09:47,stopped,-84.5,-170.24,3242.4
2020-09-18,short,66.8,32.0,09:45,flat 15:55,142.5,283.76,3526.16
2020-09-21,long,109.8,32.3,09:46,stopped,-111.2,-223.74,3302.42
2020-09-22,short,87.8,32.8,09:45,stopped,-89.2,-179.74,3122.68
2020-09-23,short,59.2,32.4,09:52,flat 15:55,304.5,607.76,3730.44
2020-09-24,long,79.5,32.3,09:46,flat 15:55,108.8,216.26,3946.7
2020-09-25,short,67.0,32.6,09:47,stopped,-68.5,-138.24,3808.46
2020-09-28,short,61.2,32.1,09:45,stopped,-62.8,-126.74,3681.72
2020-09-29,short,52.0,30.7,10:34,flat 15:55,0.5,-0.24,3681.48
2020-09-30,long,54.2,29.4,09:51,flat 15:55,64.8,128.26,3809.74
2020-10-01,short,36.5,27.6,09:46,stopped,-38.0,-77.24,3732.5
2020-10-02,long,120.5,25.7,09:47,stopped,-122.0,-245.24,3487.26
2020-10-05,long,50.8,24.8,10:00,flat 15:55,120.0,238.76,3726.02
2020-10-06,long,42.8,23.9,10:03,stopped,-44.2,-89.74,3636.28
2020-10-07,long,49.0,23.4,09:55,stopped,-50.5,-102.24,3534.04
2020-10-08,short,48.5,22.9,09:46,flat 15:55,-4.0,-9.24,3524.8
2020-10-09,long,40.8,22.1,09:49,flat 15:55,72.0,142.76,3667.56
2020-10-12,short,70.0,20.7,09:52,stopped,-71.5,-144.24,3523.32
2020-10-13,short,112.5,20.7,09:45,stopped,-114.0,-229.24,3294.08
2020-10-14,short,76.5,20.7,10:25,flat 15:55,74.8,148.26,3442.34
2020-10-15,long,102.2,20.2,09:46,stopped,-103.8,-208.74,3233.6
2021-03-01,long,75.5,21.5,10:00,flat 15:55,162.8,324.26,3557.86
2021-03-02,short,95.8,21.8,09:47,flat 15:55,134.5,267.76,3825.62
2021-03-03,short,122.8,22.0,09:46,flat 15:55,239.8,478.26,4303.88
2021-03-04,long,115.5,23.2,11:02,stopped,-117.0,-235.24,4068.64
2021-03-09,long,65.2,28.6,09:49,flat 15:55,177.8,354.26,4422.9
2021-03-10,long,99.0,29.3,09:50,stopped,-100.5,-202.24,4220.66
2021-03-11,long,74.8,29.4,10:49,flat 15:55,51.8,102.26,4322.92
2021-03-12,short,76.2,28.9,10:27,stopped,-77.8,-156.74,4166.18
2021-03-15,short,54.0,28.8,11:34,stopped,-55.5,-112.24,4053.94
2021-03-16,long,57.8,28.1,09:45,stopped,-59.2,-119.74,3934.2
2021-03-19,short,112.0,25.3,10:04,stopped,-113.5,-228.24,3705.96
2021-03-22,long,64.8,25.2,09:50,flat 15:55,87.8,174.26,3880.22
2021-03-23,short,52.8,24.0,09:48,stopped,-54.2,-109.74,3770.48
2021-03-24,short,84.0,22.8,09:48,flat 15:55,181.8,362.26,4132.74
2021-03-25,long,114.8,22.3,10:01,stopped,-116.2,-233.74,3899.0
2021-03-26,long,66.8,22.4,09:47,stopped,-68.2,-137.74,3761.26
2021-03-29,long,62.0,21.8,13:02,stopped,-63.5,-128.24,3633.02
2021-03-30,short,74.2,21.2,09:45,stopped,-75.8,-152.74,3480.28
2021-03-31,long,62.5,20.8,09:45,flat 15:55,77.2,153.26,3633.54
2021-04-13,long,72.5,20.6,09:48,flat 15:55,37.8,74.26,3707.8
2021-04-14,short,45.2,21.7,10:02,flat 15:55,157.8,314.26,4022.06
2021-04-15,long,54.5,22.9,10:15,flat 15:55,42.5,83.76,4105.82
2021-04-16,short,65.8,23.9,09:45,stopped,-67.2,-135.74,3970.08
2021-04-20,long,54.0,25.1,09:45,stopped,-55.5,-112.24,3857.84
2021-04-22,short,40.8,23.8,09:47,stopped,-42.2,-85.74,3772.1
2021-04-23,long,46.2,23.3,09:50,flat 15:55,121.2,241.26,4013.36
2021-04-26,long,31.8,23.0,10:04,flat 15:55,56.8,112.26,4125.62
2021-04-27,short,47.5,23.0,09:45,flat 15:55,22.0,42.76,4168.38
2021-04-28,short,57.5,23.0,12:00,stopped,-59.0,-119.24,4049.14
2021-04-29,short,49.5,22.7,09:45,flat 15:55,58.2,115.26,4164.4
2021-04-30,long,52.5,22.9,09:48,stopped,-54.0,-109.24,4055.16
2021-05-03,short,61.5,23.0,09:46,stopped,-63.0,-127.24,3927.92
2021-05-04,short,102.5,22.6,09:45,flat 15:55,100.0,198.76,4126.68
2021-05-06,short,84.8,22.0,10:00,stopped,-86.2,-173.74,3952.94
2021-05-10,short,121.8,20.8,09:53,flat 15:55,174.0,346.76,4299.7
2021-05-12,short,97.2,22.0,10:02,flat 15:55,155.2,309.26,4608.96
2021-05-13,long,58.5,23.2,10:00,stopped,-60.0,-121.24,4487.72
2021-05-14,long,49.0,24.3,09:58,flat 15:55,162.0,322.76,4810.48
2021-05-17,short,78.2,24.1,10:01,flat 15:55,-27.0,-55.24,4755.24
2021-05-18,short,48.2,24.0,09:46,stopped,-49.8,-100.74,4654.5
2021-05-19,long,95.5,23.6,09:45,flat 15:55,140.8,280.26,4934.76
2021-05-20,long,111.5,24.0,09:47,flat 15:55,115.0,228.76,5163.52
2021-05-21,short,71.0,22.9,09:45,flat 15:55,92.2,183.26,5346.78
2021-05-24,long,90.5,21.7,10:00,flat 15:55,72.8,144.26,5491.04
2021-05-25,short,61.8,20.3,09:51,flat 15:55,30.8,60.26,5551.3
2021-07-01,long,49.0,21.1,09:45,stopped,-50.5,-102.24,5449.06
2021-07-02,long,41.5,22.0,09:49,flat 15:55,63.5,125.76,5574.82
2021-07-05,short,8.2,23.5,09:47,flat 15:55,3.0,4.76,5579.58
2021-07-06,long,35.0,24.8,10:05,stopped,-36.5,-74.24,5505.34
2021-07-07,short,66.8,26.4,10:03,flat 15:55,10.2,19.26,5524.6
2021-07-08,long,73.8,28.2,10:00,stopped,-75.2,-151.74,5372.86
2021-07-12,short,64.8,28.5,09:50,flat 15:55,-41.8,-84.74,5288.12
2021-07-13,long,39.2,29.0,09:46,stopped,-40.8,-82.74,5205.38
2021-07-14,long,55.0,29.9,10:04,stopped,-56.5,-114.24,5091.14
2021-07-15,short,106.0,30.7,10:28,flat 15:55,14.2,27.26,5118.4
2021-07-19,short,81.5,29.2,09:53,stopped,-83.0,-167.24,4951.16
2021-07-21,long,55.2,26.1,09:57,flat 15:55,71.5,141.76,5092.92
2021-07-22,long,55.0,25.4,10:00,flat 15:55,26.5,51.76,5144.68
2021-07-27,short,57.0,26.2,09:58,target,251.2,501.26,5645.94
2021-07-29,long,87.5,23.7,09:46,flat 15:55,-31.5,-64.24,5581.7
2021-07-30,long,55.5,22.7,09:45,flat 15:55,20.2,39.26,5620.96
2021-08-02,short,93.5,21.4,09:45,stopped,-95.0,-191.24,5429.72
2021-08-03,short,46.5,20.5,09:52,stopped,-48.0,-97.24,5332.48
2021-09-23,long,86.0,22.3,09:46,flat 15:55,46.5,91.76,5424.24
2021-09-24,long,53.0,22.6,09:59,flat 15:55,80.0,158.76,5583.0
2021-09-28,short,102.8,23.5,09:45,flat 15:55,166.0,330.76,5913.76
2021-09-29,short,65.0,25.3,11:35,flat 15:55,47.2,93.26,6007.02
2021-09-30,long,65.2,27.1,09:50,stopped,-66.8,-134.74,5872.28
2021-10-01,short,104.5,28.8,09:45,stopped,-106.0,-213.24,5659.04
2021-10-04,short,130.0,30.8,09:45,flat 15:55,176.8,352.26,6011.3
2021-10-05,long,77.0,33.0,09:49,flat 15:55,98.8,196.26,6207.56
2021-10-06,long,127.8,34.9,10:22,flat 15:55,102.2,203.26,6410.82
2021-10-07,long,89.8,36.7,09:59,flat 15:55,-53.2,-107.74,6303.08
2021-10-08,short,95.5,36.5,09:59,flat 15:55,39.8,78.26,6381.34
2021-10-11,long,105.5,36.5,09:45,stopped,-107.0,-215.24,6166.1
2021-10-12,short,89.8,36.9,09:45,flat 15:55,53.8,106.26,6272.36
2021-10-13,long,61.0,37.6,14:01,flat 15:55,-20.2,-41.74,6230.62
2021-10-15,short,50.8,36.6,10:29,stopped,-52.2,-105.74,6124.88
2021-10-18,long,66.0,34.8,09:45,flat 15:55,169.8,338.26,6463.14
2021-10-20,long,33.2,30.6,09:50,stopped,-34.8,-70.74,6392.4
2021-10-21,long,44.8,29.2,09:45,flat 15:55,88.2,175.26,6567.66
2021-10-22,long,53.8,28.0,10:29,stopped,-55.2,-111.74,6455.92
2021-10-26,long,78.0,25.8,10:01,stopped,-79.5,-160.24,6295.68
2021-10-27,long,67.8,25.7,09:45,flat 15:55,-25.8,-52.74,6242.94
2021-10-29,long,67.2,25.9,09:45,flat 15:55,151.5,301.76,6544.7
2021-11-01,short,63.8,26.5,09:49,stopped,-65.2,-131.74,6412.96
2021-11-02,long,85.8,27.2,09:45,flat 15:55,4.5,7.76,6420.72
2021-11-03,short,54.2,28.1,10:04,stopped,-55.8,-112.74,6307.98
2021-11-09,short,37.8,35.3,09:47,flat 15:55,149.0,296.76,6604.74
2021-11-10,short,84.5,35.8,13:15,flat 15:55,47.2,93.26,6698.0
2021-11-11,short,57.0,34.4,10:16,flat 15:55,30.2,59.26,6757.26
2021-11-12,short,71.0,33.2,09:48,stopped,-72.5,-146.24,6611.02
2021-11-15,short,42.5,32.5,09:50,flat 15:55,45.0,88.76,6699.78
2021-11-16,long,103.0,32.1,10:16,flat 15:55,58.5,115.76,6815.54
2021-11-17,short,30.0,31.9,09:51,stopped,-31.5,-64.24,6751.3
2021-11-18,short,49.0,32.0,10:10,stopped,-50.5,-102.24,6649.06
2021-11-22,long,72.5,33.3,09:45,stopped,-74.0,-149.24,6499.82
2021-11-23,short,95.2,33.0,10:09,flat 15:55,-17.2,-35.74,6464.08
2021-11-24,short,94.0,31.2,09:46,stopped,-95.5,-192.24,6271.84
2021-11-25,long,20.5,29.5,09:45,flat 15:55,4.8,8.26,6280.1
2021-11-29,long,71.0,27.2,09:52,flat 15:55,126.8,252.26,6532.36
2021-11-30,long,53.5,25.7,09:45,stopped,-55.0,-111.24,6421.12
2021-12-01,short,83.2,24.7,12:55,flat 15:55,309.2,617.26,7038.38
2021-12-07,long,60.2,26.4,09:45,flat 15:55,105.0,208.76,7247.14
2021-12-13,short,71.0,21.4,09:53,flat 15:55,178.2,355.26,7602.4
2021-12-15,short,68.0,21.4,09:47,stopped,-69.5,-140.24,7462.16
2021-12-16,short,129.5,20.6,09:52,flat 15:55,361.5,721.76,8183.92
2022-01-18,short,101.8,20.2,11:31,flat 15:55,95.0,188.76,8372.68
2022-01-19,long,88.5,21.6,09:46,stopped,-90.0,-181.24,8191.44
2022-01-20,long,97.5,23.2,09:45,stopped,-99.0,-199.24,7992.2
2022-01-25,long,120.8,30.1,14:19,stopped,-122.2,-245.74,7746.46
2022-01-27,long,122.2,34.0,09:45,stopped,-123.8,-248.74,7497.72
2022-02-02,short,115.0,35.0,09:46,flat 15:55,-60.5,-122.24,7375.48
2022-02-03,long,122.0,33.6,10:19,stopped,-123.5,-248.24,7127.24
2022-02-07,long,112.0,32.7,09:51,stopped,-113.5,-228.24,6899.0
2022-02-08,long,87.2,32.4,10:46,flat 15:55,169.2,337.26,7236.26
2022-02-09,short,63.0,32.2,09:48,stopped,-64.5,-130.24,7106.02
2022-02-10,short,120.0,31.0,13:38,flat 15:55,68.8,136.26,7242.28
2022-02-11,short,94.2,30.3,09:57,flat 15:55,393.0,784.76,8027.04
2022-02-14,long,106.0,30.6,09:49,stopped,-107.5,-216.24,7810.8
2022-02-15,short,76.0,31.0,09:50,stopped,-77.5,-156.24,7654.56
2022-02-16,short,85.5,30.6,09:45,stopped,-87.0,-175.24,7479.32
2022-02-17,short,47.2,30.3,09:46,flat 15:55,286.5,571.76,8051.08
2022-02-22,long,125.0,31.9,09:45,stopped,-126.5,-254.24,7796.84
2022-02-23,short,89.8,31.9,09:50,flat 15:55,431.8,862.26,8659.1
2022-02-28,long,86.2,33.5,09:54,stopped,-87.8,-176.74,8482.36
2022-03-01,long,100.0,33.4,10:00,stopped,-101.5,-204.24,8278.12
2022-03-02,long,100.8,33.4,09:47,stopped,-102.2,-205.74,8072.38
2022-03-03,short,82.5,33.3,09:48,flat 15:55,258.8,516.26,8588.64
2022-03-09,short,96.8,34.7,09:52,stopped,-98.2,-197.74,8390.9
2022-03-10,short,91.0,35.0,10:33,stopped,-92.5,-186.24,8204.66
2022-03-11,short,118.8,35.5,09:54,flat 15:55,293.2,585.26,8789.92
2022-03-14,short,125.5,35.4,11:43,flat 15:55,164.8,328.26,9118.18
2022-03-15,long,117.2,35.7,10:04,flat 15:55,256.8,512.26,9630.44
2022-03-16,long,106.2,35.7,09:45,stopped,-107.8,-216.74,9413.7
2022-03-18,long,83.5,31.9,09:45,flat 15:55,324.5,647.76,10061.46
2022-03-22,long,114.5,28.2,10:00,flat 15:55,151.2,301.26,10362.72
2022-03-23,short,75.8,27.2,09:45,stopped,-77.2,-155.74,10206.98
2022-03-24,short,79.5,26.2,09:50,stopped,-81.0,-163.24,10043.74
2022-03-25,short,74.8,25.5,09:57,stopped,-76.2,-153.74,9890.0
2022-03-29,long,82.8,24.9,14:48,flat 15:55,-4.0,-9.24,9880.76
2022-03-30,long,56.2,25.5,09:48,stopped,-57.8,-116.74,9764.02
2022-03-31,short,102.8,25.9,09:46,stopped,-104.2,-209.74,9554.28
2022-04-01,short,75.5,25.6,09:50,flat 15:55,11.5,21.76,9576.04
2022-04-04,long,111.2,24.9,09:45,flat 15:55,158.0,314.76,9890.8
2022-04-05,short,56.0,24.8,09:51,flat 15:55,252.2,503.26,10394.06
2022-04-06,short,109.5,24.3,09:45,stopped,-111.0,-223.24,10170.82
2022-04-07,long,118.2,22.6,10:00,stopped,-119.8,-240.74,9930.08
2022-04-08,short,113.0,21.2,09:45,stopped,-114.5,-230.24,9699.84
2022-04-18,long,83.8,20.1,10:07,stopped,-85.2,-171.74,9528.1
2022-04-25,long,104.2,20.2,10:25,stopped,-105.8,-212.74,9315.36
2022-05-03,short,91.0,26.7,09:45,stopped,-92.5,-186.24,9129.12
2022-05-04,short,56.8,27.1,09:48,stopped,-58.2,-117.74,9011.38
2022-05-05,short,99.2,26.1,09:45,flat 15:55,448.5,895.76,9907.14
2022-05-16,short,121.5,29.4,09:46,stopped,-123.0,-247.24,9659.9
2022-05-17,long,78.2,29.5,14:49,flat 15:55,12.8,24.26,9684.16
2022-05-18,short,91.8,29.0,09:50,flat 15:55,409.5,817.76,10501.92
2022-05-19,long,114.2,29.5,10:03,stopped,-115.8,-232.74,10269.18
2022-05-20,short,107.8,30.0,10:07,flat 15:55,128.0,254.76,10523.94
2022-05-23,short,111.0,31.0,10:01,stopped,-112.5,-226.24,10297.7
2022-05-24,short,105.5,31.9,09:45,flat 15:55,-10.2,-21.74,10275.96
2022-05-27,long,112.2,32.6,09:54,flat 15:55,135.0,268.76,10544.72
2022-05-30,short,28.8,30.7,10:15,stopped,-30.2,-61.74,10482.98
2022-06-01,long,83.2,27.4,09:53,stopped,-84.8,-170.74,10312.24
2022-06-03,short,97.2,24.6,09:45,stopped,-98.8,-198.74,10113.5
2022-06-06,short,92.8,23.2,09:48,stopped,-94.2,-189.74,9923.76
2022-06-07,long,114.5,21.9,09:45,flat 15:55,206.5,411.76,10335.52
2022-06-08,long,95.8,21.1,09:48,stopped,-97.2,-195.74,10139.78
2022-06-09,short,93.5,20.2,13:44,flat 15:55,187.5,373.76,10513.54
2022-06-10,short,119.5,20.2,09:52,flat 15:55,105.0,208.76,10722.3
2022-06-15,long,87.2,24.7,09:46,stopped,-88.8,-178.74,10543.56
2022-06-16,short,88.5,25.2,09:54,flat 15:55,134.2,267.26,10810.82
2022-06-20,short,36.2,27.0,09:47,stopped,-37.8,-76.74,10734.08
2022-06-21,long,126.8,27.7,09:56,flat 15:55,-4.2,-9.74,10724.34
2022-06-22,long,80.5,27.4,09:45,flat 15:55,66.5,131.76,10856.1
2022-06-23,short,123.0,27.3,09:52,stopped,-124.5,-250.24,10605.86
2022-06-24,long,121.0,27.1,09:45,flat 15:55,154.5,307.76,10913.62
2022-06-29,short,117.0,23.5,09:45,stopped,-118.5,-238.24,10675.38
2022-07-01,short,118.2,23.4,10:34,stopped,-119.8,-240.74,10434.64
2022-07-04,short,26.8,23.6,10:00,stopped,-28.2,-57.74,10376.9
2022-07-06,long,117.2,23.0,14:06,flat 15:55,-29.2,-59.74,10317.16
2022-07-07,long,104.8,21.7,09:45,flat 15:55,114.8,228.26,10545.42
2022-07-08,long,103.0,20.4,10:25,flat 15:55,72.2,143.26,10688.68
2022-08-03,long,100.8,20.8,09:51,flat 15:55,204.2,407.26,11095.94
2022-08-04,short,83.5,22.3,10:17,stopped,-85.0,-171.24,10924.7
2022-08-05,short,97.0,23.7,11:26,stopped,-98.5,-198.24,10726.46
2022-08-09,short,75.2,25.4,09:53,flat 15:55,3.0,4.76,10731.22
2022-08-10,long,86.8,25.4,11:01,flat 15:55,44.8,88.26,10819.48
2022-08-11,long,57.5,26.2,10:00,stopped,-59.0,-119.24,10700.24
2022-08-12,long,73.2,27.3,09:45,flat 15:55,131.8,262.26,10962.5
2022-08-15,long,71.8,28.3,09:54,flat 15:55,72.5,143.76,11106.26
2022-08-16,short,51.8,29.6,09:48,stopped,-53.2,-107.74,10998.52
2022-08-17,short,81.8,30.8,10:14,stopped,-83.2,-167.74,10830.78
2022-08-18,short,62.0,31.2,10:00,stopped,-63.5,-128.24,10702.54
2022-08-19,short,84.5,31.6,09:45,flat 15:55,73.8,146.26,10848.8
2022-08-22,short,70.5,30.9,09:49,flat 15:55,119.5,237.76,11086.56
2022-08-23,long,86.0,28.7,09:50,flat 15:55,-52.8,-106.74,10979.82
2022-08-25,short,47.8,24.9,09:50,stopped,-49.2,-99.74,10880.08
2022-08-26,short,45.0,23.6,09:46,stopped,-46.5,-94.24,10785.84
2022-08-29,long,126.8,23.0,10:17,stopped,-128.2,-257.74,10528.1
2022-08-30,short,86.5,22.6,09:45,flat 15:55,176.5,351.76,10879.86
2022-08-31,short,101.2,22.9,10:18,flat 15:55,66.0,130.76,11010.62
2022-09-01,short,83.8,23.2,10:02,stopped,-85.2,-171.74,10838.88
2022-09-02,short,124.2,24.1,10:00,stopped,-125.8,-252.74,10586.14
2022-09-05,long,39.2,24.1,10:10,flat 15:55,-10.5,-22.24,10563.9
2022-09-06,short,92.2,24.2,09:46,flat 15:55,64.5,127.76,10691.66
2022-09-07,long,89.8,24.6,09:48,stopped,-91.2,-183.74,10507.92
2022-09-09,long,64.8,23.7,09:47,flat 15:55,124.8,248.26,10756.18
2022-09-12,long,59.5,22.0,09:48,flat 15:55,26.8,52.26,10808.44
2022-09-13,short,104.8,21.1,09:56,flat 15:55,281.5,561.76,11370.2
2022-09-14,short,87.2,20.9,10:30,stopped,-88.8,-178.74,11191.46
2022-09-15,short,68.2,20.7,10:29,flat 15:55,110.5,219.76,11411.22
2022-09-16,short,69.2,20.8,09:49,stopped,-70.8,-142.74,11268.48
2022-09-19,long,89.8,21.4,09:45,flat 15:55,113.8,226.26,11494.74
2022-09-20,short,60.8,21.5,13:29,stopped,-62.2,-125.74,11369.0
2022-09-21,short,38.8,21.6,14:00,stopped,-40.2,-81.74,11287.26
2022-09-22,short,98.5,22.1,09:51,stopped,-100.0,-201.24,11086.02
2022-09-23,short,86.8,23.0,09:45,flat 15:55,20.5,39.76,11125.78
2022-09-26,long,119.0,24.3,09:50,stopped,-120.5,-242.24,10883.54
2022-09-30,short,102.5,28.2,14:43,flat 15:55,86.5,171.76,11055.3
2022-10-04,long,60.2,30.3,09:46,flat 15:55,58.5,115.76,11171.06
2022-10-05,short,74.8,29.5,10:00,stopped,-76.2,-153.74,11017.32
2022-10-07,short,84.8,28.7,09:45,flat 15:55,178.0,354.76,11372.08
2022-10-10,short,104.8,29.5,09:53,flat 15:55,0.0,-1.24,11370.84
2022-10-11,short,85.0,30.6,09:47,stopped,-86.5,-174.24,11196.6
2022-10-14,short,108.5,34.6,09:45,flat 15:55,330.5,659.76,11856.36
2022-10-17,long,115.2,35.5,09:51,flat 15:55,9.5,17.76,11874.12
2022-10-19,long,103.0,35.7,10:14,stopped,-104.5,-210.24,11663.88
2022-10-20,short,73.5,35.2,13:49,flat 15:55,-15.0,-31.24,11632.64
2022-10-21,long,93.5,34.5,09:45,flat 15:55,271.8,542.26,12174.9
2022-10-24,short,98.2,34.2,10:02,stopped,-99.8,-200.74,11974.16
2022-10-25,long,57.0,33.2,09:45,flat 15:55,124.8,248.26,12222.42
2022-10-27,short,96.2,29.7,09:48,flat 15:55,137.2,273.26,12495.68
2022-10-31,short,72.8,28.9,09:45,flat 15:55,10.2,19.26,12514.94
2022-11-01,short,53.5,28.2,09:45,flat 15:55,222.0,442.76,12957.7
2022-11-02,short,69.5,27.2,10:14,stopped,-71.0,-143.24,12814.46
2022-11-03,short,65.2,27.3,09:45,stopped,-66.8,-134.74,12679.72
2022-11-07,short,104.2,28.0,09:48,stopped,-105.8,-212.74,12466.98
2022-11-08,short,68.5,27.8,09:45,stopped,-70.0,-141.24,12325.74
2022-11-09,short,49.8,26.8,09:57,stopped,-51.2,-103.74,12222.0
2022-11-10,long,125.5,26.2,09:51,flat 15:55,235.8,470.26,12692.26
2022-11-14,short,66.5,24.3,09:45,stopped,-68.0,-137.24,12555.02
2022-11-15,short,59.8,23.8,09:45,flat 15:55,117.2,233.26,12788.28
2022-11-16,short,42.2,23.8,09:46,flat 15:55,26.5,51.76,12840.04
2022-11-17,long,70.5,23.6,09:45,flat 15:55,67.5,133.76,12973.8
2022-11-18,short,95.2,22.8,09:48,flat 15:55,61.0,120.76,13094.56
2022-11-21,long,66.0,22.2,09:51,stopped,-67.5,-136.24,12958.32
2022-11-23,long,57.2,20.9,09:45,stopped,-58.8,-118.74,12839.58
2022-11-24,short,17.8,20.8,09:52,stopped,-19.2,-39.74,12799.84
2022-11-28,long,87.0,20.3,09:45,stopped,-88.5,-178.24,12621.6
2023-01-30,short,51.2,20.9,10:23,flat 15:55,78.8,156.26,12777.86
2023-01-31,long,68.8,21.6,09:48,flat 15:55,96.5,191.76,12969.62
2023-02-01,short,54.5,22.1,10:51,stopped,-56.0,-113.24,12856.38
2023-02-02,long,65.5,23.5,09:48,stopped,-67.0,-135.24,12721.14
2023-02-06,long,63.2,27.2,09:45,stopped,-64.8,-130.74,12590.4
2023-02-07,short,52.2,28.4,10:00,stopped,-53.8,-108.74,12481.66
2023-02-08,short,68.5,29.8,09:52,flat 15:55,138.0,274.76,12756.42
2023-02-09,short,91.5,31.1,09:45,flat 15:55,185.0,368.76,13125.18
2023-02-10,long,82.2,31.6,10:11,stopped,-83.8,-168.74,12956.44
2023-02-15,long,64.8,32.1,09:48,stopped,-66.2,-133.74,12822.7
2023-02-16,short,71.2,32.7,15:31,flat 15:55,-10.0,-21.24,12801.46
2023-02-17,short,77.0,32.9,09:45,flat 15:55,-35.5,-72.24,12729.22
2023-02-20,short,13.5,32.1,09:50,flat 15:55,15.5,29.76,12758.98
2023-02-21,long,68.5,31.3,09:45,stopped,-70.0,-141.24,12617.74
2023-02-22,long,48.8,29.4,09:45,stopped,-50.2,-101.74,12516.0
2023-02-23,short,63.0,27.3,10:06,flat 15:55,-12.2,-25.74,12490.26
2023-02-24,short,62.2,25.7,09:45,flat 15:55,3.5,5.76,12496.02
2023-02-27,long,34.0,24.0,09:58,stopped,-35.5,-72.24,12423.78
2023-03-01,short,56.0,21.1,10:05,flat 15:55,43.2,85.26,12509.04
2023-03-28,short,94.2,20.6,10:00,flat 15:55,-39.2,-79.74,12429.3
2023-03-29,long,38.2,20.9,09:48,stopped,-39.8,-80.74,12348.56
2023-03-30,long,41.0,21.8,09:59,stopped,-42.5,-86.24,12262.32
2023-03-31,long,62.5,23.0,09:47,flat 15:55,142.2,283.26,12545.58
2023-04-03,long,50.2,24.7,09:48,stopped,-51.8,-104.74,12440.84
2023-04-04,short,64.2,26.2,09:45,stopped,-65.8,-132.74,12308.1
2023-04-05,short,42.2,27.7,09:45,flat 15:55,78.5,155.76,12463.86
2023-04-06,short,56.0,28.1,09:48,stopped,-57.5,-116.24,12347.62
2023-04-10,short,58.2,28.1,09:46,stopped,-59.8,-120.74,12226.88
2023-04-11,short,61.2,27.1,09:53,flat 15:55,24.5,47.76,12274.64
2023-04-12,short,97.2,26.2,09:45,flat 15:55,127.5,253.76,12528.4
2023-04-13,long,60.8,24.6,10:05,flat 15:55,121.8,242.26,12770.66
2023-04-14,long,82.8,23.2,09:45,stopped,-84.2,-169.74,12600.92
2023-04-18,short,25.5,21.0,09:58,flat 15:55,67.2,133.26,12734.18
2023-04-19,long,54.2,20.5,10:39,flat 15:55,47.5,93.76,12827.94
2023-05-22,long,76.8,20.1,09:48,flat 15:55,-27.5,-56.24,12771.7
2023-05-23,long,45.2,22.0,09:51,stopped,-46.8,-94.74,12676.96
2023-05-24,long,54.2,22.6,15:20,flat 15:55,-20.5,-42.24,12634.72
2023-05-25,short,102.5,21.9,09:49,stopped,-104.0,-209.24,12425.48
2023-05-26,long,75.0,22.2,09:48,target,277.5,553.76,12979.24
2023-05-30,short,83.8,25.1,09:52,flat 15:55,99.5,197.76,13177.0
2023-05-31,long,70.0,26.9,09:45,stopped,-71.5,-144.24,13032.76
2023-06-05,long,84.0,30.7,10:46,stopped,-85.5,-172.24,12860.52
2023-06-08,long,69.0,32.9,10:05,flat 15:55,100.8,200.26,13060.78
2023-06-09,long,72.0,32.4,09:45,stopped,-73.5,-148.24,12912.54
2023-06-12,short,37.0,32.6,10:05,stopped,-38.5,-78.24,12834.3
2023-06-14,short,50.0,34.9,14:01,stopped,-51.5,-104.24,12730.06
2023-06-15,long,74.8,36.2,09:45,flat 15:55,202.0,402.76,13132.82
2023-06-16,short,124.5,37.9,09:45,flat 15:55,69.5,137.76,13270.58
2023-06-19,short,16.5,39.5,10:10,flat 15:55,-1.8,-4.74,13265.84
2023-06-20,long,87.2,40.7,09:47,stopped,-88.8,-178.74,13087.1
2023-06-21,short,44.0,41.1,09:45,flat 15:55,107.5,213.76,13300.86
2023-06-22,long,85.8,40.7,09:45,flat 15:55,163.5,325.76,13626.62
2023-06-23,short,75.0,40.1,09:45,stopped,-76.5,-154.24,13472.38
2023-06-26,long,66.5,39.5,09:45,stopped,-68.0,-137.24,13335.14
2023-06-27,long,72.8,38.1,10:00,stopped,-74.2,-149.74,13185.4
2023-06-28,long,75.8,36.7,09:57,flat 15:55,8.5,15.76,13201.16
2023-06-29,short,62.0,35.9,09:45,flat 15:55,-3.8,-8.74,13192.42
2023-06-30,long,61.8,35.1,09:45,flat 15:55,65.8,130.26,13322.68
2023-07-03,long,37.2,35.0,09:47,stopped,-38.8,-78.74,13243.94
2023-07-05,long,89.5,35.0,09:45,flat 15:55,-17.5,-36.24,13207.7
2023-07-06,short,63.8,34.4,09:54,stopped,-65.2,-131.74,13075.96
2023-07-07,short,54.5,32.6,10:34,stopped,-56.0,-113.24,12962.72
2023-07-11,short,83.5,29.5,09:49,stopped,-85.0,-171.24,12791.48
2023-07-12,long,40.5,28.1,09:48,stopped,-42.0,-85.24,12706.24
2023-07-13,long,63.0,27.9,09:54,flat 15:55,106.8,212.26,12918.5
2023-07-14,long,82.5,28.6,09:51,stopped,-84.0,-169.24,12749.26
2023-07-17,long,55.2,29.6,11:28,flat 15:55,76.5,151.76,12901.02
2023-07-18,short,63.5,30.5,09:50,stopped,-65.0,-131.24,12769.78
2023-07-19,long,60.2,31.9,10:43,stopped,-61.8,-124.74,12645.04
2023-07-20,long,60.5,33.2,09:51,stopped,-62.0,-125.24,12519.8
2023-07-21,short,68.2,32.0,09:48,flat 15:55,103.8,206.26,12726.06
2023-07-25,long,47.5,29.4,09:45,flat 15:55,52.0,102.76,12828.82
2023-07-26,short,73.2,28.7,10:54,stopped,-74.8,-150.74,12678.08
2023-07-27,long,71.8,27.6,09:45,stopped,-73.2,-147.74,12530.34
2023-07-28,long,80.0,27.4,09:48,flat 15:55,61.2,121.26,12651.6
2023-07-31,short,51.8,27.2,09:55,flat 15:55,14.2,27.26,12678.86
2023-08-01,long,41.0,27.0,09:45,stopped,-42.5,-86.24,12592.62
2023-08-02,short,82.5,26.4,09:54,flat 15:55,120.0,238.76,12831.38
2023-08-03,long,62.5,24.9,09:47,flat 15:55,36.8,72.26,12903.64
2023-08-04,long,89.5,23.9,12:25,stopped,-91.0,-183.24,12720.4
2023-08-07,short,87.2,22.6,09:48,stopped,-88.8,-178.74,12541.66
2023-08-08,short,62.2,21.4,09:45,flat 15:55,-32.2,-65.74,12475.92
2023-08-09,short,87.8,20.9,09:50,flat 15:55,89.0,176.76,12652.68
2023-08-10,long,83.0,20.7,09:46,stopped,-84.5,-170.24,12482.44
2023-08-11,short,59.5,20.3,09:45,stopped,-61.0,-123.24,12359.2
2023-08-18,long,51.2,20.7,09:48,stopped,-52.8,-106.74,12252.46
2023-08-21,long,83.2,22.1,09:56,stopped,-84.8,-170.74,12081.72
2023-08-22,short,74.8,22.0,09:54,flat 15:55,66.0,130.76,12212.48
2023-08-23,long,39.8,21.3,09:45,flat 15:55,153.2,305.26,12517.74
2023-08-24,short,127.2,20.0,09:45,flat 15:55,330.5,659.76,13177.5
2023-10-06,long,98.8,20.5,10:23,flat 15:55,312.0,622.76,13800.26
2023-10-27,long,47.2,21.7,09:45,stopped,-48.8,-98.74,13701.52
2023-10-30,long,102.5,23.7,09:45,stopped,-104.0,-209.24,13492.28
2023-10-31,short,102.0,25.2,09:52,stopped,-103.5,-208.24,13284.04
2023-11-01,long,53.5,26.3,09:46,flat 15:55,177.8,354.26,13638.3
2023-11-02,long,48.5,25.9,10:51,flat 15:55,51.5,101.76,13740.06
2023-11-03,long,54.0,24.2,09:45,flat 15:55,85.2,169.26,13909.32
2023-11-08,long,42.2,21.9,09:55,stopped,-43.8,-88.74,13820.58
2023-11-09,short,53.5,21.6,10:07,stopped,-55.0,-111.24,13709.34
2023-11-10,long,75.2,21.1,09:45,flat 15:55,210.5,419.76,14129.1
2023-11-13,short,55.0,21.3,09:47,stopped,-56.5,-114.24,14014.86
2023-11-14,long,66.8,21.4,09:45,flat 15:55,12.8,24.26,14039.12
2023-11-15,short,40.0,22.5,09:46,stopped,-41.5,-84.24,13954.88
2023-11-16,short,30.2,23.9,10:41,stopped,-31.8,-64.74,13890.14
2023-11-17,short,41.8,25.0,10:14,stopped,-43.2,-87.74,13802.4
2023-11-20,long,88.2,26.1,09:51,flat 15:55,97.0,192.76,13995.16
2023-11-21,short,40.8,27.6,10:01,flat 15:55,-5.8,-12.74,13982.42
2023-11-23,short,14.5,30.5,09:55,stopped,-16.0,-33.24,13949.18
2023-11-24,short,51.0,32.0,10:15,flat 15:55,-9.2,-19.74,13929.44
2023-11-28,long,44.0,33.7,10:39,flat 15:55,30.0,58.76,13988.2
2023-11-30,short,90.5,35.3,09:45,flat 15:55,-6.8,-14.74,13973.46
2023-12-01,short,61.2,35.1,10:26,stopped,-62.8,-126.74,13846.72
2023-12-04,short,44.5,34.8,09:50,stopped,-46.0,-93.24,13753.48
2023-12-05,long,65.0,33.5,09:50,flat 15:55,46.8,92.26,13845.74
2023-12-06,short,102.5,32.4,10:00,flat 15:55,124.0,246.76,14092.5
2023-12-07,long,75.0,31.7,10:21,flat 15:55,59.0,116.76,14209.26
2023-12-08,long,77.2,31.1,09:45,flat 15:55,77.5,153.76,14363.02
2023-12-11,long,78.2,30.9,09:46,flat 15:55,82.2,163.26,14526.28
2023-12-13,long,51.2,33.3,14:02,flat 15:55,92.0,182.76,14709.04
2023-12-14,long,51.8,35.0,09:45,stopped,-53.2,-107.74,14601.3
2023-12-15,long,64.0,36.7,09:45,stopped,-65.5,-132.24,14469.06
2023-12-18,long,46.2,38.4,09:57,flat 15:55,78.2,155.26,14624.32
2023-12-19,long,50.8,40.1,10:18,flat 15:55,9.2,17.26,14641.58
2023-12-20,long,49.8,41.8,09:55,stopped,-51.2,-103.74,14537.84
2023-12-21,short,58.0,41.8,09:57,stopped,-59.5,-120.24,14417.6
2023-12-22,long,45.8,41.9,09:45,stopped,-47.2,-95.74,14321.86
2023-12-26,long,46.8,42.1,10:21,flat 15:55,25.2,49.26,14371.12
2023-12-27,long,30.0,42.6,10:00,stopped,-31.5,-64.24,14306.88
2023-12-28,short,42.2,43.0,09:49,flat 15:55,32.2,63.26,14370.14
2023-12-29,long,28.0,43.6,09:49,stopped,-29.5,-60.24,14309.9
2024-01-02,short,105.5,42.9,09:45,flat 15:55,72.0,142.76,14452.66
2024-01-03,short,60.5,40.1,10:12,flat 15:55,53.2,105.26,14557.92
2024-01-04,long,57.0,37.5,10:05,flat 15:55,-52.0,-105.24,14452.68
2024-01-05,long,57.0,35.4,09:50,stopped,-58.5,-118.24,14334.44
2024-01-08,long,73.0,34.0,09:45,flat 15:55,224.8,448.26,14782.7
2024-01-09,long,53.8,31.7,10:09,flat 15:55,114.2,227.26,15009.96
2024-01-10,long,34.5,29.8,10:42,flat 15:55,55.2,109.26,15119.22
2024-01-12,long,65.0,27.8,09:45,stopped,-66.5,-134.24,14984.98
2024-01-15,long,15.5,27.1,10:47,flat 15:55,-0.8,-2.74,14982.24
2024-01-16,long,75.8,26.4,10:16,stopped,-77.2,-155.74,14826.5
2024-01-17,short,109.8,25.2,09:45,stopped,-111.2,-223.74,14602.76
2024-01-18,long,59.2,23.7,10:37,stopped,-60.8,-122.74,14480.02
2024-01-24,short,58.2,24.8,14:23,flat 15:55,21.8,42.26,14522.28
2024-01-25,long,53.2,26.0,10:22,stopped,-54.8,-110.74,14411.54
2024-01-26,short,43.5,27.0,09:52,stopped,-45.0,-91.24,14320.3
2024-01-29,long,55.0,27.6,12:00,flat 15:55,102.5,203.76,14524.06
2024-01-31,short,71.2,28.8,09:45,stopped,-72.8,-146.74,14377.32
2024-02-01,short,43.5,27.7,09:57,stopped,-45.0,-91.24,14286.08
2024-02-05,long,46.0,27.4,14:37,stopped,-47.5,-96.24,14189.84
2024-02-06,short,65.2,27.5,09:48,flat 15:55,66.8,132.26,14322.1
2024-02-07,long,55.2,27.6,10:13,flat 15:55,56.8,112.26,14434.36
2024-02-08,long,45.0,28.1,10:00,flat 15:55,0.0,-1.24,14433.12
2024-02-12,long,43.8,29.6,10:39,stopped,-45.2,-91.74,14341.38
2024-02-13,short,79.0,30.7,14:53,flat 15:55,-53.8,-108.74,14232.64
2024-02-14,short,75.8,29.5,11:00,stopped,-77.2,-155.74,14076.9
2024-02-15,short,64.5,28.4,09:54,stopped,-66.0,-133.24,13943.66
2024-02-16,short,53.0,27.8,09:45,flat 15:55,132.8,264.26,14207.92
2024-02-21,short,56.0,24.5,09:47,stopped,-57.5,-116.24,14091.68
2024-02-26,long,60.0,22.1,11:51,stopped,-61.5,-124.24,13967.44
2024-02-27,short,88.8,21.4,12:54,stopped,-90.2,-181.74,13785.7
2024-02-28,short,45.0,20.6,09:48,stopped,-46.5,-94.24,13691.46
2024-03-05,short,81.0,20.4,09:45,flat 15:55,143.5,285.76,13977.22
2024-04-19,short,68.8,21.2,09:52,flat 15:55,248.8,496.26,14473.48
2024-04-22,short,43.5,24.1,10:09,stopped,-45.0,-91.24,14382.24
2024-04-23,long,64.5,26.8,09:45,flat 15:55,130.2,259.26,14641.5
2024-04-24,long,74.0,27.8,09:48,stopped,-75.5,-152.24,14489.26
2024-04-29,short,117.2,28.8,09:54,flat 15:55,-63.2,-127.74,14361.52
2024-04-30,long,62.5,28.7,09:45,stopped,-64.0,-129.24,14232.28
2024-05-01,short,49.2,29.6,09:56,stopped,-50.8,-102.74,14129.54
2024-05-02,short,87.2,30.5,09:48,stopped,-88.8,-178.74,13950.8
2024-05-03,long,58.5,31.4,09:45,stopped,-60.0,-121.24,13829.56
2024-05-06,long,58.5,30.6,09:49,flat 15:55,74.8,148.26,13977.82
2024-05-07,long,39.0,29.1,10:55,stopped,-40.5,-82.24,13895.58
2024-05-08,long,47.5,27.5,09:45,flat 15:55,57.0,112.76,14008.34
2024-05-09,short,81.2,26.3,09:45,stopped,-82.8,-166.74,13841.6
2024-05-10,long,75.0,25.2,09:48,stopped,-76.5,-154.24,13687.36
2024-05-13,short,70.5,23.6,09:45,flat 15:55,-30.5,-62.24,13625.12
2024-05-14,long,52.8,22.2,09:45,flat 15:55,112.0,222.76,13847.88
2024-05-15,long,40.5,20.8,10:18,flat 15:55,161.2,321.26,14169.14
2024-05-16,short,28.0,20.7,13:25,stopped,-29.5,-60.24,14108.9
2024-05-17,short,29.2,20.8,09:45,stopped,-30.8,-62.74,14046.16
2024-05-20,long,75.5,20.4,09:45,flat 15:55,37.5,73.76,14119.92
2024-05-22,long,37.5,20.5,09:52,stopped,-39.0,-79.24,14040.68
2024-05-23,short,71.0,20.9,09:45,flat 15:55,206.0,410.76,14451.44
2024-05-24,long,44.0,21.8,09:45,stopped,-45.5,-92.24,14359.2
2024-05-27,long,34.0,22.6,10:58,flat 15:55,39.0,76.76,14435.96
2024-05-28,short,67.5,23.4,09:45,stopped,-69.0,-139.24,14296.72
2024-05-29,long,56.8,23.8,09:50,flat 15:55,-26.5,-54.24,14242.48
2024-05-30,short,72.8,23.6,10:12,flat 15:55,81.0,160.76,14403.24
2024-05-31,short,55.8,22.2,09:46,flat 15:55,17.5,33.76,14437.0
2024-06-03,long,51.5,21.8,09:46,stopped,-53.0,-107.24,14329.76
2024-06-04,long,69.2,20.9,10:00,stopped,-70.8,-142.74,14187.02
2024-06-05,long,39.0,20.2,09:52,stopped,-40.5,-82.24,14104.78
2024-06-14,long,46.5,20.1,09:45,flat 15:55,50.2,99.26,14204.04
2024-06-17,short,45.5,21.3,09:47,stopped,-47.0,-95.24,14108.8
2024-06-18,short,39.5,23.7,09:46,stopped,-41.0,-83.24,14025.56
2024-06-20,short,62.0,28.0,10:08,flat 15:55,134.8,268.26,14293.82
2024-06-21,short,54.2,28.4,09:45,stopped,-55.8,-112.74,14181.08
2024-06-24,short,78.5,28.5,09:48,stopped,-80.0,-161.24,14019.84
2024-06-26,short,36.0,26.9,11:11,stopped,-37.5,-76.24,13943.6
2024-06-27,long,111.5,26.4,10:14,stopped,-113.0,-227.24,13716.36
2024-06-28,short,66.5,26.2,12:16,flat 15:55,70.5,139.76,13856.12
2024-07-01,short,73.0,26.5,09:45,stopped,-74.5,-150.24,13705.88
2024-07-02,long,106.5,26.3,09:46,flat 15:55,152.2,303.26,14009.14
2024-07-03,long,51.5,26.7,09:49,flat 15:55,150.8,300.26,14309.4
2024-07-04,short,18.8,27.5,09:48,flat 15:55,5.2,9.26,14318.66
2024-07-05,long,54.8,28.3,09:55,flat 15:55,141.2,281.26,14599.92
2024-07-08,short,44.2,29.6,10:01,stopped,-45.8,-92.74,14507.18
2024-07-09,long,45.2,30.9,10:12,stopped,-46.8,-94.74,14412.44
2024-07-10,short,46.8,32.4,11:00,stopped,-48.2,-97.74,14314.7
2024-07-11,short,50.0,34.0,09:51,target,328.5,655.76,14970.46
2024-07-12,long,52.5,33.6,09:47,flat 15:55,85.8,170.26,15140.72
2024-07-15,long,70.0,32.9,10:04,stopped,-71.5,-144.24,14996.48
2024-07-17,short,71.0,31.9,09:45,flat 15:55,176.5,351.76,15348.24
2024-07-18,short,110.8,30.1,09:45,flat 15:55,172.5,343.76,15692.0
2024-07-22,long,97.0,28.5,09:46,stopped,-98.5,-198.24,15493.76
2024-07-23,long,100.5,27.6,10:21,stopped,-102.0,-205.24,15288.52
2024-07-24,short,128.0,26.6,09:47,flat 15:55,344.5,687.76,15976.28
2024-07-25,short,119.0,27.6,09:49,stopped,-120.5,-242.24,15734.04
2024-07-26,short,87.2,28.9,09:47,stopped,-88.8,-178.74,15555.3
2024-07-29,short,120.2,30.1,10:59,stopped,-121.8,-244.74,15310.56
2024-07-31,long,101.5,32.3,10:01,flat 15:55,94.5,187.76,15498.32
2024-08-07,long,102.0,37.5,09:50,stopped,-103.5,-208.24,15290.08
2024-08-08,long,113.8,38.9,10:02,flat 15:55,240.8,480.26,15770.34
2024-08-09,long,83.2,40.0,10:12,stopped,-84.8,-170.74,15599.6
2024-08-12,short,115.5,40.8,09:46,stopped,-117.0,-235.24,15364.36
2024-08-13,long,75.5,41.2,09:46,flat 15:55,185.8,370.26,15734.62
2024-08-15,long,59.5,39.5,09:48,flat 15:55,162.5,323.76,16058.38
2024-08-16,long,72.2,37.5,10:02,flat 15:55,60.2,119.26,16177.64
2024-08-19,short,71.8,35.5,10:19,stopped,-73.2,-147.74,16029.9
2024-08-20,long,61.8,33.2,09:46,stopped,-63.2,-127.74,15902.16
2024-08-21,short,47.2,30.8,10:52,stopped,-48.8,-98.74,15803.42
2024-08-23,short,58.0,27.2,10:48,stopped,-59.5,-120.24,15683.18
2024-08-27,short,84.8,24.6,09:45,stopped,-86.2,-173.74,15509.44
2024-08-28,short,72.8,23.7,09:45,flat 15:55,124.0,246.76,15756.2
2024-08-30,short,64.0,23.1,10:57,stopped,-65.5,-132.24,15623.96
2024-09-02,long,30.0,22.7,09:45,stopped,-31.5,-64.24,15559.72
2024-09-03,short,125.8,22.2,09:54,flat 15:55,383.0,764.76,16324.48
2024-09-04,long,105.8,23.4,09:45,stopped,-107.2,-215.74,16108.74
2024-09-09,long,70.0,27.3,09:50,stopped,-71.5,-144.24,15964.5
2024-09-10,long,100.2,28.9,14:01,flat 15:55,34.8,68.26,16032.76
2024-09-11,long,97.8,29.7,12:20,flat 15:55,343.5,685.76,16718.52
2024-09-12,short,79.5,28.9,09:49,stopped,-81.0,-163.24,16555.28
2024-09-13,long,107.0,27.6,10:00,flat 15:55,39.8,78.26,16633.54
2024-09-16,short,115.2,26.1,10:34,stopped,-116.8,-234.74,16398.8
2024-09-17,short,72.2,24.3,09:49,stopped,-73.8,-148.74,16250.06
2024-09-18,short,67.5,22.9,09:50,stopped,-69.0,-139.24,16110.82
2024-09-19,long,69.5,21.8,10:18,flat 15:55,17.5,33.76,16144.58
2024-09-20,long,52.2,21.5,15:39,stopped,-53.8,-108.74,16035.84
2024-09-23,short,54.8,21.0,13:01,stopped,-56.2,-113.74,15922.1
2024-09-24,short,59.8,20.5,09:50,stopped,-61.2,-123.74,15798.36
2024-09-25,long,67.5,20.4,09:54,stopped,-69.0,-139.24,15659.12
2024-09-26,short,98.8,20.4,09:48,flat 15:55,80.8,160.26,15819.38
2024-09-27,short,72.8,21.1,10:12,flat 15:55,72.2,143.26,15962.64
2024-09-30,long,91.5,21.7,09:45,stopped,-93.0,-187.24,15775.4
2024-10-14,long,68.2,20.1,09:45,stopped,-69.8,-140.74,15634.66
2024-10-16,short,115.8,20.9,09:45,stopped,-117.2,-235.74,15398.92
2024-10-21,long,65.2,20.8,09:48,stopped,-66.8,-134.74,15264.18
2024-10-22,long,89.5,20.5,09:45,flat 15:55,110.2,219.26,15483.44
2024-10-23,short,55.8,20.4,10:01,flat 15:55,206.8,412.26,15895.7
2024-11-13,short,45.8,21.1,09:49,stopped,-47.2,-95.74,15799.96
2024-11-14,short,95.8,22.1,09:45,flat 15:55,73.0,144.76,15944.72
2024-11-15,short,87.0,22.5,09:58,flat 15:55,185.5,369.76,16314.48
2024-11-18,short,51.2,21.1,09:46,stopped,-52.8,-106.74,16207.74
2024-12-13,long,104.8,21.1,09:45,stopped,-106.2,-213.74,15994.0
2024-12-16,long,56.8,22.7,09:53,flat 15:55,150.5,299.76,16293.76
2024-12-17,short,86.8,25.2,10:01,stopped,-88.2,-177.74,16116.02
2024-12-18,short,91.5,27.5,14:01,target,413.0,824.76,16940.78
2024-12-19,short,130.0,25.8,09:54,flat 15:55,191.8,382.26,17323.04
2024-12-20,long,125.0,24.1,10:05,target,500.2,999.26,18322.3
2024-12-23,long,70.0,23.0,11:43,flat 15:55,74.5,147.76,18470.06
2024-12-24,long,76.0,21.9,09:45,flat 15:55,170.5,339.76,18809.82
2024-12-26,long,53.2,20.6,10:38,flat 15:55,26.2,51.26,18861.08
2025-01-06,long,105.0,20.3,09:46,stopped,-106.5,-214.24,18646.84
2025-01-10,short,129.5,20.0,09:46,flat 15:55,24.5,47.76,18694.6
2025-01-15,long,121.0,23.0,09:46,flat 15:55,96.8,192.26,18886.86
2025-01-16,short,93.5,22.5,09:45,flat 15:55,112.2,223.26,19110.12
2025-03-06,short,91.5,26.4,12:03,flat 15:55,113.2,225.26,19335.38
2025-03-10,short,114.2,30.6,09:52,flat 15:55,356.5,711.76,20047.14
2025-03-13,short,106.8,37.2,09:45,flat 15:55,246.0,490.76,20537.9
2025-03-25,short,60.5,35.8,09:48,stopped,-62.0,-125.24,20412.66
2025-03-26,short,62.2,33.8,09:47,flat 15:55,287.2,573.26,20985.92
2025-03-28,short,101.8,31.9,10:00,flat 15:55,368.2,735.26,21721.18
2025-04-01,long,94.8,33.0,09:47,stopped,-96.2,-193.74,21527.44
2025-04-15,long,118.8,33.1,09:48,stopped,-120.2,-241.74,21285.7
2025-04-16,long,106.5,31.9,11:24,stopped,-108.0,-217.24,21068.46
2025-04-17,short,127.2,31.6,09:46,stopped,-128.8,-258.74,20809.72
2025-04-21,short,105.0,31.4,09:47,flat 15:55,168.8,336.26,21145.98
2025-04-22,long,110.8,31.8,09:45,flat 15:55,159.2,317.26,21463.24
2025-04-24,long,114.8,30.0,09:45,flat 15:55,367.2,733.26,22196.5
2025-04-25,long,107.0,28.2,10:09,stopped,-108.5,-218.24,21978.26
2025-04-28,long,116.2,26.2,09:45,stopped,-117.8,-236.74,21741.52
2025-05-01,short,102.0,21.5,09:59,stopped,-103.5,-208.24,21533.28
2025-05-02,long,92.0,20.0,10:03,flat 15:55,71.2,141.26,21674.54
2025-05-20,short,49.2,20.1,09:47,stopped,-50.8,-102.74,21571.8
2025-05-21,long,95.2,20.6,09:46,stopped,-96.8,-194.74,21377.06
2025-05-22,long,105.8,20.3,09:52,flat 15:55,7.0,12.76,21389.82
2025-06-26,short,71.5,20.7,09:48,stopped,-73.0,-147.24,21242.58
2025-06-27,short,61.0,22.0,14:19,stopped,-62.5,-126.24,21116.34
2025-06-30,short,74.2,23.4,09:49,stopped,-75.8,-152.74,20963.6
2025-07-01,long,41.5,25.0,09:48,stopped,-43.0,-87.24,20876.36
2025-07-02,long,56.5,25.5,09:45,flat 15:55,138.0,274.76,21151.12
2025-07-03,long,56.2,26.1,09:51,flat 15:55,72.2,143.26,21294.38
2025-07-07,short,75.2,28.1,10:53,flat 15:55,31.2,61.26,21355.64
2025-07-08,short,55.0,28.4,09:59,stopped,-56.5,-114.24,21241.4
2025-07-09,long,87.0,28.7,09:45,stopped,-88.5,-178.24,21063.16
2025-07-10,short,67.8,29.4,09:45,flat 15:55,12.8,24.26,21087.42
2025-07-11,short,88.2,30.0,09:45,stopped,-89.8,-180.74,20906.68
2025-07-14,long,127.0,30.3,10:21,flat 15:55,55.5,109.76,21016.44
2025-07-15,short,100.0,30.7,10:00,flat 15:55,31.2,61.26,21077.7
2025-07-16,short,85.8,31.5,09:45,stopped,-87.2,-175.74,20901.96
2025-07-21,long,93.8,31.8,09:45,flat 15:55,-4.0,-9.24,20892.72
2025-07-22,short,91.0,32.4,09:45,flat 15:55,25.8,50.26,20942.98
2025-07-23,short,81.2,32.2,09:45,stopped,-82.8,-166.74,20776.24
2025-07-24,short,66.0,32.3,10:09,stopped,-67.5,-136.24,20640.0
2025-07-28,short,42.5,32.7,11:19,stopped,-44.0,-89.24,20550.76
2025-07-30,long,59.5,33.8,09:45,stopped,-61.0,-123.24,20427.52
2025-08-04,long,108.2,32.3,09:45,flat 15:55,92.5,183.76,20611.28
2025-08-05,short,63.2,30.9,10:17,flat 15:55,155.8,310.26,20921.54
2025-08-06,long,79.2,29.8,09:48,flat 15:55,191.0,380.76,21302.3
2025-08-07,long,65.2,28.9,09:56,stopped,-66.8,-134.74,21167.56
2025-08-08,long,84.2,28.8,09:45,flat 15:55,97.0,192.76,21360.32
2025-08-11,short,57.5,29.0,14:04,flat 15:55,76.5,151.76,21512.08
2025-08-12,long,98.5,29.3,11:07,flat 15:55,130.5,259.76,21771.84
2025-08-14,long,82.8,30.9,09:45,flat 15:55,28.2,55.26,21827.1
2025-08-15,short,76.0,31.2,09:45,flat 15:55,28.2,55.26,21882.36
2025-08-18,long,50.5,31.1,10:24,stopped,-52.0,-105.24,21777.12
2025-08-19,short,110.8,31.0,09:46,flat 15:55,216.2,431.26,22208.38
2025-08-20,short,109.5,29.2,09:45,flat 15:55,-29.2,-59.74,22148.64
2025-08-21,long,91.0,28.2,10:12,stopped,-92.5,-186.24,21962.4
2025-08-22,long,117.8,27.2,09:45,flat 15:55,238.0,474.76,22437.16
2025-08-26,long,55.2,23.8,10:10,flat 15:55,55.8,110.26,22547.42
2025-08-27,short,51.5,22.2,09:45,stopped,-53.0,-107.24,22440.18
2025-08-28,long,114.0,21.1,11:16,flat 15:55,56.5,111.76,22551.94
2025-08-29,short,82.8,20.5,09:45,flat 15:55,155.0,308.76,22860.7
2025-09-22,long,44.0,21.0,09:48,flat 15:55,140.8,280.26,23140.96
2025-09-23,short,67.0,22.2,09:55,flat 15:55,105.0,208.76,23349.72
2025-09-24,short,75.8,23.4,09:48,flat 15:55,87.2,173.26,23522.98
2025-09-26,short,115.8,23.0,10:11,stopped,-117.2,-235.74,23287.24
2025-09-29,long,67.8,22.5,09:45,stopped,-69.2,-139.74,23147.5
2025-09-30,short,89.5,22.8,09:54,stopped,-91.0,-183.24,22964.26
2025-10-01,long,98.0,22.7,10:18,flat 15:55,172.8,344.26,23308.52
2025-10-03,long,53.0,23.8,09:53,stopped,-54.5,-110.24,23198.28
2025-10-06,short,104.8,24.0,10:42,stopped,-106.2,-213.74,22984.54
2025-10-07,long,46.0,24.5,09:55,stopped,-47.5,-96.24,22888.3
2025-10-08,long,79.5,24.3,09:47,flat 15:55,177.5,353.76,23242.06
2025-10-09,short,76.0,24.5,09:45,flat 15:55,-27.2,-55.74,23186.32
2025-10-10,long,83.0,24.6,09:45,stopped,-84.5,-170.24,23016.08
2025-10-15,short,83.8,25.3,09:48,stopped,-85.2,-171.74,22844.34
2025-10-16,long,70.0,25.2,09:45,stopped,-71.5,-144.24,22700.1
2025-10-20,long,110.0,24.7,09:49,flat 15:55,102.8,204.26,22904.36
2025-10-21,short,71.5,23.3,09:46,stopped,-73.0,-147.24,22757.12
2025-10-22,short,98.8,22.1,10:27,flat 15:55,143.2,285.26,23042.38
2025-10-23,long,94.0,22.0,09:45,flat 15:55,162.8,324.26,23366.64
2025-10-24,long,100.8,21.9,09:45,flat 15:55,1.0,0.76,23367.4
2025-10-28,long,52.2,20.2,12:27,flat 15:55,82.2,163.26,23530.66
2025-10-29,long,38.2,20.1,09:51,stopped,-39.8,-80.74,23449.92
2025-11-20,short,97.2,21.0,11:00,target,676.0,1350.76,24800.68
2025-11-21,short,127.2,22.4,09:45,stopped,-128.8,-258.74,24541.94
2025-11-26,long,81.8,23.7,09:50,stopped,-83.2,-167.74,24374.2
2025-11-27,short,31.0,22.8,11:04,flat 15:55,-13.5,-28.24,24345.96
2025-11-28,long,92.0,22.1,11:06,flat 15:55,62.5,123.76,24469.72
2025-12-01,long,110.8,20.8,09:48,flat 15:55,67.5,133.76,24603.48
2026-02-12,short,90.0,20.5,09:45,flat 15:55,517.2,1033.26,25636.74
2026-02-16,short,66.8,22.9,09:45,stopped,-68.2,-137.74,25499.0
2026-02-19,short,120.8,26.0,13:20,flat 15:55,-75.2,-151.74,25347.26
2026-02-25,long,123.0,25.3,09:45,flat 15:55,106.5,211.76,25559.02
2026-02-26,short,117.2,23.6,09:45,flat 15:55,159.2,317.26,25876.28
2026-02-27,long,130.0,22.6,09:46,flat 15:55,73.0,144.76,26021.04
2026-03-06,short,120.5,20.5,15:37,flat 15:55,-68.2,-137.74,25883.3
2026-03-10,long,121.5,20.7,10:39,stopped,-123.0,-247.24,25636.06
2026-03-11,long,81.0,20.5,10:00,stopped,-82.5,-166.24,25469.82
2026-03-12,short,92.8,20.3,09:45,flat 15:55,169.2,337.26,25807.08
2026-03-16,long,95.5,22.0,09:45,stopped,-97.0,-195.24,25611.84
2026-03-17,long,111.8,22.1,09:45,stopped,-113.2,-227.74,25384.1
2026-03-18,long,86.8,21.9,09:46,stopped,-88.2,-177.74,25206.36
2026-03-20,short,111.8,23.1,09:50,flat 15:55,313.5,625.76,25832.12
2026-03-26,short,92.5,26.8,10:55,flat 15:55,284.0,566.76,26398.88
2026-03-31,long,91.2,32.6,09:46,stopped,-92.8,-186.74,26212.14
2026-04-06,long,128.5,32.5,09:46,stopped,-130.0,-261.24,25950.9
2026-04-07,long,115.5,31.9,15:45,flat 15:55,19.2,37.26,25988.16
2026-04-09,long,93.8,29.7,11:32,flat 15:55,150.5,299.76,26287.92
2026-04-10,long,82.0,27.8,10:32,stopped,-83.5,-168.24,26119.68
2026-04-13,long,64.8,25.9,09:49,flat 15:55,282.2,563.26,26682.94
2026-04-14,long,100.5,24.5,09:45,flat 15:55,206.8,412.26,27095.2
2026-04-15,long,76.8,23.9,09:53,flat 15:55,294.0,586.76,27681.96
2026-04-16,short,108.0,24.0,09:51,stopped,-109.5,-220.24,27461.72
2026-04-21,short,111.8,25.8,11:00,flat 15:55,127.2,253.26,27714.98
2026-04-22,short,79.5,26.5,09:51,stopped,-81.0,-163.24,27551.74
2026-04-23,long,103.8,27.6,09:46,stopped,-105.2,-211.74,27340.0
2026-04-24,short,83.2,28.1,09:54,stopped,-84.8,-170.74,27169.26
2026-04-27,short,75.5,29.1,09:46,stopped,-77.0,-155.24,27014.02
2026-05-04,short,79.2,31.4,11:19,flat 15:55,50.0,98.76,27112.78
2026-05-05,long,113.2,32.3,09:45,flat 15:55,35.2,69.26,27182.04
2026-05-07,long,60.5,35.2,09:54,stopped,-62.0,-125.24,27056.8
2026-05-13,short,109.0,40.9,09:45,stopped,-110.5,-222.24,26834.56
2026-05-21,long,96.2,37.9,09:52,stopped,-97.8,-196.74,26637.82
2026-05-25,long,36.0,37.0,09:45,stopped,-37.5,-76.24,26561.58
2026-05-29,long,96.0,38.3,09:45,stopped,-97.5,-196.24,26365.34
2026-06-16,short,110.0,31.9,10:19,flat 15:55,359.0,716.76,27082.1
2026-06-19,long,44.5,26.1,09:47,flat 15:55,-28.0,-57.24,27024.86
