rr,or_minutes,offset_ticks,direction,trades,win_rate,net,profit_factor,expectancy,avg_R,max_drawdown,sharpe
1.0,3,0,both,65,63.07692307692307,1287.9,1.6634350885507347,19.813846153846157,0.2483120738406607,-348.46000000000004,3.7706530617719056
1.0,3,0,long,54,51.85185185185185,16.539999999999914,1.0081029178342575,0.3062962962962947,0.02570877566782739,-506.58000000000015,0.059699185290741016
1.0,3,0,short,60,58.333333333333336,1124.1,1.6166209544706531,18.735,0.1547642325171298,-251.72000000000003,3.5451380171832003
1.0,3,1,both,65,64.61538461538461,1566.3999999999999,1.8547792111409425,24.098461538461535,0.2791102697421346,-352.46000000000004,4.60085312953324
1.0,3,1,long,54,53.70370370370371,280.03999999999985,1.1447609201344018,5.185925925925923,0.06271366135692656,-416.86,1.0025862657724531
1.0,3,1,short,60,58.333333333333336,1134.0999999999997,1.6136904761904767,18.90166666666666,0.15494871658739712,-254.72000000000003,3.537600082269047
1.0,3,2,both,65,64.61538461538461,1585.3999999999999,1.8544235578166766,24.39076923076923,0.27930921947836296,-356.46000000000004,4.606917580229328
1.0,3,2,long,54,53.70370370370371,284.03999999999985,1.1449553457514676,5.259999999999997,0.06288828228096853,-420.86,1.005284721092178
1.0,3,2,short,60,58.333333333333336,1144.0999999999997,1.6108382274426059,19.068333333333328,0.15512693140225947,-257.72,3.5301626461638316
1.0,3,4,both,65,67.6923076923077,1856.3999999999999,2.0423123568252257,28.56,0.34043852504609484,-364.46000000000004,5.357967984617368
1.0,3,4,long,54,55.55555555555556,398.5399999999998,1.2039339698914173,7.3803703703703665,0.0997431783185961,-428.86,1.3821714660513587
1.0,3,4,short,60,63.33333333333333,1497.6,1.8556345270471017,24.959999999999997,0.25412209911602923,-242.66000000000003,4.60548353081493
1.0,5,0,both,65,60.0,1413.3999999999999,1.4812819657170881,21.744615384615383,0.19084943993889242,-661.94,2.9071228465816756
1.0,5,0,long,53,49.056603773584904,-264.7200000000001,0.9097898094381289,-4.994716981132077,-0.026845320265394875,-865.8400000000001,-0.6962543996979201
1.0,5,0,short,58,60.3448275862069,1558.08,1.6560281597628657,26.86344827586207,0.1749466039577952,-614.88,3.7131591670691737
1.0,5,1,both,65,61.53846153846154,1565.8999999999994,1.5416464891041162,24.090769230769222,0.22139842355685463,-667.94,3.2082031787009755
1.0,5,1,long,53,49.056603773584904,-271.72,0.9083414291882558,-5.126792452830189,-0.026763999285132185,-871.8400000000001,-0.7087961627435906
1.0,5,1,short,58,60.3448275862069,1567.08,1.6534891285310387,27.018620689655172,0.17488402273188708,-620.8800000000001,3.7055110729866203
1.0,5,2,both,65,61.53846153846154,1580.8999999999994,1.5421467764060355,24.321538461538452,0.2215072594129441,-673.94,3.2142278815884238
1.0,5,2,long,53,49.056603773584904,-272.72,0.9088344230949231,-5.1456603773584915,-0.026668505779057678,-877.8400000000001,-0.7055843501889671
1.0,5,2,short,58,60.3448275862069,1576.08,1.6509983395428378,27.173793103448276,0.17482059034883604,-626.8800000000001,3.6979395222178417
1.0,5,4,both,65,61.53846153846154,1610.8999999999994,1.5431220498988536,24.783076923076916,0.2217165579446281,-685.94,3.225926337190484
1.0,5,4,long,53,49.056603773584904,-274.72,0.9097941867948568,-5.183396226415095,-0.02648508570608583,-889.8400000000001,-0.6992974037958511
1.0,5,4,short,58,60.3448275862069,1594.08,1.6461560911545108,27.484137931034482,0.1746915301714105,-638.8800000000001,3.683023795691595
1.0,10,0,both,65,50.76923076923077,441.39999999999947,1.0834297292597548,6.7907692307692225,0.007681442710403773,-969.4000000000001,0.6011207281432488
1.0,10,0,long,50,44.0,-335.5000000000004,0.9213681703978704,-6.710000000000008,-0.11881658610221221,-745.94,-0.6103348111567388
1.0,10,0,short,57,61.40350877192983,1489.8199999999995,1.4020802746351158,26.13719298245613,0.1876740395602482,-664.96,2.519830552447523
1.0,10,1,both,65,50.76923076923077,440.89999999999947,1.0828342113371459,6.783076923076915,0.007650050970702676,-975.4000000000001,0.5973465252722243
1.0,10,1,long,50,44.0,-341.0000000000004,0.9205909338599331,-6.820000000000008,-0.1187585815514689,-749.44,-0.6169890718300892
1.0,10,1,short,57,63.1578947368421,1812.3199999999995,1.5080027133543008,31.795087719298238,0.22237146436065702,-668.96,3.069125618922959
1.0,10,2,both,65,50.76923076923077,440.39999999999947,1.0822458111409083,6.775384615384607,0.0076185587109075265,-981.4000000000001,0.59360845224966
1.0,10,2,long,50,44.0,-346.5000000000004,0.9198235887563289,-6.930000000000008,-0.11870137554078095,-752.94,-0.6235699363983149
1.0,10,2,short,57,63.1578947368421,1821.3199999999995,1.5075378844878424,31.95298245614034,0.22214958226753617,-672.96,3.0685251538927303
1.0,10,4,both,65,52.307692307692314,608.8999999999994,1.1141985843801696,9.367692307692298,0.03805463333912951,-993.4000000000001,0.8130287353231606
1.0,10,4,long,50,46.0,-152.0000000000004,0.9644193090791627,-3.040000000000008,-0.0789192693711284,-531.94,-0.27051983690893605
1.0,10,4,short,57,63.1578947368421,1839.3199999999995,1.5066243589107962,32.26877192982455,0.22170978576426445,-680.96,3.067270591846007
1.0,15,0,both,65,58.46153846153847,2072.8999999999996,1.4106801810012128,31.890769230769227,0.15390236931806084,-980.6400000000001,2.60729929875338
1.0,15,0,long,46,58.69565217391305,1837.9599999999996,1.5613702864333583,39.95565217391304,0.15336063039126302,-521.1800000000001,3.3755655762927117
1.0,15,0,short,53,62.264150943396224,1716.7799999999997,1.4462298235125934,32.39207547169811,0.2033504991413319,-940.4599999999996,2.774454527698776
1.0,15,1,both,65,61.53846153846154,2798.3999999999996,1.5942662985771925,43.052307692307686,0.2149064822821167,-785.659999999998,3.5459920756527215
1.0,15,1,long,46,58.69565217391305,1934.9599999999998,1.6050418065952488,42.06434782608695,0.1640737571259992,-452.4399999999998,3.575718959387838
1.0,15,1,short,53,62.264150943396224,1721.2799999999997,1.4451432709216927,32.476981132075466,0.2029134984308582,-944.4599999999996,2.7694654631675553
1.0,15,2,both,65,61.53846153846154,2806.8999999999996,1.5930488062539614,43.18307692307692,0.2146305493723314,-788.659999999998,3.541049336107686
1.0,15,2,long,46,58.69565217391305,1938.4599999999998,1.6028374528853453,42.14043478260869,0.1637722377809023,-454.4399999999998,3.5660456129885656
1.0,15,2,short,53,62.264150943396224,1725.7799999999997,1.4440676221598954,32.561886792452825,0.20247973829718988,-948.4599999999996,2.764501398461238
1.0,15,4,both,65,61.53846153846154,2823.8999999999996,1.5906504915289688,43.44461538461538,0.2140841477415716,-794.659999999998,3.5312424168753815
1.0,15,4,long,46,58.69565217391305,1892.4599999999998,1.5821950679267576,41.14043478260869,0.15629705979299996,-458.4399999999998,3.4612774256257164
1.0,15,4,short,53,62.264150943396224,1734.7799999999997,1.441948386110616,32.73169811320754,0.2016217992209921,-956.4599999999996,2.7546483324514495
1.0,30,0,both,65,56.92307692307692,1389.3999999999994,1.2091613074162393,21.375384615384608,0.06799702899459628,-1129.4399999999996,1.3856809896873055
1.0,30,0,long,43,48.837209302325576,168.6799999999996,1.0398367609133081,3.9227906976744094,-0.019205504858502802,-1080.14,0.28021221134476004
1.0,30,0,short,48,64.58333333333334,1618.9799999999996,1.3969956450094165,33.72874999999999,0.1328380425142094,-1400.4999999999998,2.36610483102545
1.0,30,1,both,65,56.92307692307692,1382.8999999999994,1.2073866789038157,21.275384615384606,0.06747427207497493,-1137.4399999999996,1.3747477057280046
1.0,30,1,long,43,48.837209302325576,158.1799999999996,1.0371988674311199,3.6786046511627815,-0.020004579195867747,-1085.64,0.26194278678013594
1.0,30,1,short,48,64.58333333333334,1613.4799999999996,1.3941488867934673,33.614166666666655,0.13199452941274067,-1409.9999999999998,2.3506735788130295
1.0,30,2,both,65,56.92307692307692,1376.3999999999994,1.2056255714311328,21.175384615384605,0.06695490750333705,-1145.4399999999996,1.363880767517603
1.0,30,2,long,43,48.837209302325576,147.6799999999996,1.0345832123420484,3.4344186046511536,-0.020797322180599296,-1091.14,0.24378715034537007
1.0,30,2,short,48,64.58333333333334,1607.9799999999996,1.3913236052839082,33.49958333333333,0.13115689608485634,-1419.4999999999998,2.335328424428028
1.0,30,4,both,65,56.92307692307692,1363.3999999999994,1.202143306171346,20.975384615384606,0.06592621827512346,-1161.4399999999996,1.3423439093422442
1.0,30,4,long,43,48.837209302325576,126.67999999999961,1.0294175018809744,2.9460465116278978,-0.022364142494682528,-1102.14,0.20781372874578968
1.0,30,4,short,48,64.58333333333334,1596.9799999999996,1.3857365075071018,33.270416666666655,0.12949901851154075,-1438.4999999999998,2.3048943846595664
1.5,3,0,both,65,55.38461538461539,1949.3999999999999,1.8307833928556214,29.990769230769228,0.3687472676622634,-502.44000000000005,4.400955171316578
1.5,3,0,long,54,42.592592592592595,69.03999999999985,1.0281630388669523,1.2785185185185157,0.05189282481384368,-622.8200000000002,0.2027650354324011
1.5,3,0,short,60,53.333333333333336,1847.0999999999997,1.893951273339722,30.784999999999993,0.2888382465707528,-261.96000000000004,4.535079415185291
1.5,3,1,both,65,55.38461538461539,1974.3999999999999,1.8311653321882928,30.375384615384615,0.36899639444800336,-508.44000000000005,4.410010626290133
1.5,3,1,long,54,44.44444444444444,399.03999999999985,1.1698259352257738,7.389629629629627,0.09808329589074692,-599.1,1.1405805640756963
1.5,3,1,short,60,53.333333333333336,1863.0999999999997,1.8896391019090641,31.051666666666662,0.2886672275606962,-265.46000000000004,4.526604901696205
1.5,3,2,both,65,53.84615384615385,1824.8999999999999,1.7369760116307253,28.075384615384614,0.33115738589693466,-514.44,4.020675033997962
1.5,3,2,long,54,44.44444444444444,405.03999999999985,1.1702063285288065,7.500740740740738,0.0982893305332345,-604.1,1.144595999323376
1.5,3,2,short,60,50.0,1526.6,1.6733415666901914,25.44333333333333,0.20604101781288436,-342.2,3.647769576496671
1.5,3,4,both,65,55.38461538461539,2002.8999999999999,1.8073084612408108,30.813846153846153,0.3694962189240018,-526.44,4.334571352742621
1.5,3,4,long,54,46.2962962962963,550.0399999999998,1.230676966692669,10.185925925925924,0.14429115190928124,-614.1,1.5190150290701072
1.5,3,4,short,60,53.333333333333336,1807.1,1.8141116897626732,30.118333333333332,0.2877451700727456,-351.2,4.255590345703568
1.5,5,0,both,65,44.61538461538462,1022.8999999999994,1.255939989591257,15.736923076923068,0.10648043170430198,-1012.2600000000001,1.6402194428445627
1.5,5,0,long,53,33.9622641509434,-686.2200000000001,0.8126054780305307,-12.947547169811324,-0.15796317842797436,-1117.5600000000002,-1.49898065378215
1.5,5,0,short,58,50.0,1927.0799999999997,1.6497322957828164,33.22551724137931,0.18442122802692867,-475.18000000000006,3.5122267144271544
1.5,5,1,both,65,44.61538461538462,1030.3999999999994,1.255514997619426,15.852307692307683,0.10658133582724431,-1021.2600000000001,1.639639636694072
1.5,5,1,long,53,35.84905660377358,-519.7200000000001,0.856635293338777,-9.80603773584906,-0.11118399981730183,-1126.5600000000002,-1.1207400069301394
1.5,5,1,short,58,50.0,1935.5799999999997,1.6462790821914157,33.37206896551724,0.18422421460997349,-479.68000000000006,3.501409146831405
1.5,5,2,both,65,43.07692307692308,863.3999999999994,1.2085315840575024,13.283076923076914,0.06860001461421512,-1030.2600000000002,1.3636216420406804
1.5,5,2,long,53,35.84905660377358,-525.2200000000001,0.8564643251456621,-9.90981132075472,-0.11110163992334306,-1135.5600000000002,-1.1233801841165496
1.5,5,2,short,58,48.275862068965516,1769.5799999999997,1.5716251574765003,30.509999999999994,0.14135286314273224,-484.18000000000006,3.1705013582414088
1.5,5,4,both,65,41.53846153846154,346.8999999999996,1.0783579392471858,5.33692307692307,0.03048096769340413,-1048.2600000000002,0.5472707001288196
1.5,5,4,long,53,35.84905660377358,-536.2200000000001,0.8561317464235505,-10.11735849056604,-0.11094288054624259,-1153.5600000000002,-1.1285059992531852
1.5,5,4,short,58,46.55172413793103,1255.0799999999997,1.372599779126243,21.63931034482758,0.09803284676185392,-652.2,2.23686000572362
1.5,10,0,both,65,40.0,802.3999999999995,1.1362225738324996,12.344615384615377,0.02597701238124035,-1114.38,0.9206859650129646
1.5,10,0,long,50,34.0,-418.50000000000045,0.914231609494571,-8.37000000000001,-0.16207978811944077,-985.3800000000003,-0.6424880818330461
1.5,10,0,short,57,52.63157894736842,2029.8199999999995,1.4967767830483756,35.61087719298245,0.25039047869634484,-947.3400000000001,2.926974319607071
1.5,10,1,both,65,40.0,801.8999999999995,1.1352764741407526,12.33692307692307,0.025866738444509173,-1122.88,0.9152484989008088
1.5,10,1,long,50,34.0,-429.00000000000045,0.9126525526222559,-8.580000000000009,-0.16228298542818514,-995.8800000000003,-0.6552623232846421
1.5,10,1,short,57,54.385964912280706,2430.8199999999997,1.6150486812541753,42.6459649122807,0.29341961937872507,-954.8400000000001,3.4875715630986286
1.5,10,2,both,65,40.0,801.3999999999995,1.1343422693684877,12.329230769230762,0.025757073949125683,-1131.38,0.9098647238230512
1.5,10,2,long,50,34.0,-439.50000000000045,0.911093939013881,-8.79000000000001,-0.16248443588418887,-1006.3800000000003,-0.667904657273517
1.5,10,2,short,57,54.385964912280706,2440.3199999999997,1.6135712202431842,42.81263157894736,0.29284521818207676,-962.3400000000001,3.482324335862569
1.5,10,4,both,65,41.53846153846154,1011.8999999999994,1.1699638203311602,15.5676923076923,0.06359624648841458,-1148.38,1.1364743309313643
1.5,10,4,long,50,38.0,174.4999999999996,1.0367411736962677,3.489999999999992,-0.06352683668621152,-786.1600000000001,0.25981150923869084
1.5,10,4,short,57,54.385964912280706,2459.3199999999997,1.6106713282545866,43.1459649122807,0.29171254989411277,-977.3400000000001,3.4719086298821953
1.5,15,0,both,65,49.23076923076923,1980.8999999999994,1.334192616686518,30.475384615384606,0.1647756681635079,-918.7,2.117120391137235
1.5,15,0,long,46,45.65217391304348,761.4599999999996,1.1826262141743618,16.553478260869557,0.03626531485858577,-758.3600000000001,1.2121824424811778
1.5,15,0,short,53,54.71698113207547,2111.2799999999997,1.476666531203858,39.8354716981132,0.2575048739806264,-1369.3599999999994,2.8830377264654463
1.5,15,1,both,65,50.76923076923077,2443.8999999999996,1.4234295733651205,37.598461538461535,0.20252230126381154,-755.659999999998,2.59665990931048
1.5,15,1,long,46,45.65217391304348,847.9599999999996,1.206895205563011,18.433913043478253,0.04648919453219757,-698.9000000000001,1.3536222866590109
1.5,15,1,short,53,54.71698113207547,2115.7799999999997,1.475214834713157,39.92037735849056,0.2567492231961066,-1379.3599999999994,2.875720535565686
1.5,15,2,both,65,50.76923076923077,2447.3999999999996,1.4218433281394354,37.65230769230769,0.2019579020493468,-759.159999999998,2.588736971548162
1.5,15,2,long,46,45.65217391304348,840.9599999999996,1.2040669740354286,18.281739130434772,0.04570299308189989,-704.9000000000001,1.3368299790901887
1.5,15,2,short,53,54.71698113207547,2120.2799999999997,1.4737780598222228,40.00528301886792,0.2560006431521781,-1389.3599999999994,2.8684525994516377
1.5,15,4,both,65,50.76923076923077,2454.3999999999996,1.4187195479794188,37.75999999999999,0.20084261900779554,-766.159999999998,2.5730605173587393
1.5,15,4,long,46,45.65217391304348,826.9599999999996,1.1985021603456556,17.977391304347815,0.0441505280551271,-716.9000000000001,1.303637587915116
1.5,15,4,short,53,54.71698113207547,2129.2799999999997,1.4709483639516419,40.17509433962264,0.25452427596137894,-1409.3599999999992,2.8540633445652523
1.5,30,0,both,65,50.76923076923077,707.8999999999994,1.0988041336109917,10.890769230769221,0.01599051305774913,-1210.0600000000002,0.6613659208251513
1.5,30,0,long,43,41.86046511627907,-552.8200000000004,0.878112666740161,-12.856279069767451,-0.09513901400938513,-1630.5800000000002,-0.8949407052717917
1.5,30,0,short,48,60.416666666666664,1638.9799999999996,1.3659205279679223,34.145416666666655,0.12003346740793723,-1270.38,2.148240078137956
1.5,30,1,both,65,50.76923076923077,682.8999999999994,1.0949371487992792,10.506153846153836,0.01466691190946629,-1220.0600000000002,0.6364651900106827
1.5,30,1,long,43,41.86046511627907,-573.8200000000004,0.874037976072879,-13.344651162790706,-0.0965112347195288,-1643.0800000000002,-0.9268081661161671
1.5,30,1,short,48,60.416666666666664,1624.9799999999996,1.3613829238351098,33.85374999999999,0.11861865958940117,-1279.38,2.124228157344774
1.5,30,2,both,65,50.76923076923077,657.8999999999994,1.0911006857130197,10.121538461538453,0.013352408001169137,-1230.0600000000002,0.611681977100813
1.5,30,2,long,43,41.86046511627907,-594.8200000000004,0.8699989072232543,-13.833023255813963,-0.09787319907380901,-1655.5800000000002,-0.9585263346138942
1.5,30,2,short,48,60.416666666666664,1610.9799999999996,1.356880502252961,33.56208333333333,0.1172139452563719,-1288.38,2.1003319899136135
1.5,30,4,both,65,50.76923076923077,607.8999999999994,1.0835178906065386,9.352307692307683,0.010750304538927806,-1250.0600000000002,0.5624660958211156
1.5,30,4,long,43,41.86046511627907,-636.8200000000004,0.8620257826887662,-14.809767441860474,-0.10056684860033557,-1680.5800000000002,-1.0215175723512717
1.5,30,4,short,48,60.416666666666664,1582.9799999999996,1.347979582595086,32.97874999999999,0.11443435223262716,-1306.38,2.052885168664143
2.0,3,0,both,65,50.76923076923077,2694.3999999999996,2.040638348820862,41.452307692307684,0.5053823880313963,-502.44000000000005,5.021081639378579
2.0,3,0,long,54,38.88888888888889,417.0399999999996,1.158907491941077,7.722962962962956,0.15228646087969555,-960.3200000000002,1.0495207251379501
2.0,3,0,short,60,50.0,2721.6000000000004,2.2330554548749557,45.36000000000001,0.4366565900971434,-333.2,5.422596772607662
2.0,3,1,both,65,50.76923076923077,2728.3999999999996,2.0409052411509316,41.97538461538461,0.5056546786312689,-508.44000000000005,5.030633970837168
2.0,3,1,long,54,40.74074074074074,818.0399999999996,1.324017301202529,15.148888888888882,0.20771759807185802,-745.34,1.9808351702492324
2.0,3,1,short,60,50.0,2746.6000000000004,2.227695333452531,45.77666666666667,0.43652171755037167,-337.7,5.416886026905723
2.0,3,2,both,65,50.76923076923077,2762.3999999999996,2.0411656955050166,42.498461538461534,0.505917958002696,-514.44,5.0398963158521815
2.0,3,2,long,54,40.74074074074074,830.0399999999996,1.3246554124880707,15.371111111111103,0.20794029321100585,-752.34,1.9869122625489508
2.0,3,2,short,60,50.0,2651.6000000000004,2.169548341566691,44.19333333333334,0.4160823780418664,-342.2,5.228136632569123
2.0,3,4,both,65,49.23076923076923,2556.8999999999996,1.9097928423509651,39.33692307692307,0.46068354369499165,-526.44,4.571047408284465
2.0,3,4,long,54,42.592592592592595,1013.5399999999997,1.3950745291256093,18.769259259259254,0.2630625197103187,-766.34,2.368560122015928
2.0,3,4,short,60,50.0,2573.6000000000004,2.086732539481464,42.89333333333334,0.41502457313603347,-427.1999999999989,4.988075133936252
2.0,5,0,both,65,38.46153846153847,898.8999999999995,1.2033204406143267,13.829230769230762,0.10114561491043629,-975.4200000000001,1.2932409622194918
2.0,5,0,long,53,30.18867924528302,-294.72000000000025,0.9228962060287048,-5.560754716981137,-0.11460522557536919,-1149.3400000000001,-0.5622975629580033
2.0,5,0,short,58,43.103448275862064,1738.5799999999997,1.514918167763489,29.975517241379304,0.1528995822927041,-707.94,2.784878066823027
2.0,5,1,both,65,38.46153846153847,903.8999999999995,1.2026181883391986,13.906153846153838,0.10107212446675873,-983.4200000000001,1.2903114880754527
2.0,5,1,long,53,32.075471698113205,-93.22000000000021,0.9753883684827493,-1.7588679245283059,-0.05875657690657096,-1159.3400000000001,-0.17542937133968547
2.0,5,1,short,58,43.103448275862064,1743.0799999999997,1.5112541136029,30.053103448275856,0.15250218255700593,-713.94,2.7712958188949375
2.0,5,2,both,65,38.46153846153847,900.3999999999995,1.2000399902246117,13.852307692307685,0.10031152722347486,-991.4200000000001,1.2774258004950774
2.0,5,2,long,53,32.075471698113205,-97.72000000000021,0.9744432007197332,-1.8437735849056645,-0.05883360236811588,-1169.3400000000001,-0.18244240389374666
2.0,5,2,short,58,43.103448275862064,1739.0799999999997,1.5051911155524311,29.98413793103448,0.15133891758844145,-719.94,2.7491460084584625
2.0,5,4,both,65,36.92307692307693,633.3999999999996,1.1355202574328602,9.74461538461538,0.05403558734030554,-1007.4200000000001,0.889593697075686
2.0,5,4,long,53,30.18867924528302,-402.72000000000025,0.8992288020658697,-7.598490566037741,-0.11511890303000565,-1427.8200000000002,-0.7485327560621065
2.0,5,4,short,58,41.37931034482759,1471.0799999999997,1.4085017050061648,25.363448275862062,0.09886839159448634,-731.94,2.299174873485643
2.0,10,0,both,65,36.92307692307693,1017.3999999999994,1.1688255226223545,15.652307692307684,0.05210083766787695,-1234.88,1.0793570996935333
2.0,10,0,long,50,32.0,-298.0000000000004,0.9404078661616666,-5.960000000000008,-0.15650527860087401,-1064.6000000000001,-0.4217251407798238
2.0,10,0,short,57,49.122807017543856,2754.3199999999997,1.652379463566685,48.32140350877192,0.344972830757183,-1273.3400000000001,3.5259053844064807
2.0,10,1,both,65,36.92307692307693,1011.3999999999994,1.166750750988403,15.559999999999992,0.051461847032260186,-1245.38,1.0675677211823675
2.0,10,1,long,50,32.0,-676.0000000000005,0.8657040801325477,-13.520000000000008,-0.19327778066018791,-1219.3800000000003,-0.9850231288787337
2.0,10,1,short,57,50.877192982456144,3235.8199999999997,1.791208200072377,56.76877192982456,0.39641108404569897,-1284.8399999999995,4.102507258218564
2.0,10,2,both,65,36.92307692307693,1005.3999999999994,1.1647024903593182,15.467692307692298,0.05082862567796332,-1255.88,1.0558897962067229
2.0,10,2,long,50,32.0,-692.0000000000005,0.8634208729222012,-13.840000000000009,-0.19384494057492588,-1235.8800000000003,-1.0033965465895667
2.0,10,2,short,57,50.877192982456144,3247.3199999999997,1.7889082702090757,56.97052631578947,0.39550496116394124,-1296.3399999999995,4.094805732170113
2.0,10,4,both,65,38.46153846153847,1247.3999999999994,1.2046394120349104,19.19076923076922,0.09528318095233929,-1276.88,1.2948106462421296
2.0,10,4,long,50,36.0,-114.50000000000038,0.9765112786890626,-2.2900000000000076,-0.09372480736854108,-817.6400000000001,-0.1632124622233738
2.0,10,4,short,57,50.877192982456144,3270.3199999999997,1.7843961220564044,57.37403508771929,0.3937184099276076,-1319.3399999999995,4.079521082083157
2.0,15,0,both,65,47.69230769230769,2567.8999999999996,1.4309164378872192,39.50615384615384,0.2309326577743762,-1201.1200000000001,2.5269887299948546
2.0,15,0,long,46,43.47826086956522,843.9599999999996,1.1966933442716177,18.34695652173912,0.04051809616109771,-993.3600000000001,1.2524558063339928
2.0,15,0,short,53,50.943396226415096,2523.2800000000007,1.543021559200644,47.609056603773595,0.3160861266994352,-1317.8600000000004,3.0833143853796483
2.0,15,1,both,65,47.69230769230769,2563.3999999999996,1.427899430112876,39.43692307692307,0.2296489634461151,-1211.6200000000001,2.5121517610696276
2.0,15,1,long,46,43.47826086956522,778.9599999999996,1.184555314944773,16.933913043478253,0.03126376201254304,-934.3400000000001,1.1757437750578452
2.0,15,1,short,53,50.943396226415096,2525.2800000000007,1.5406016389652428,47.6467924528302,0.31479440584007473,-1327.3600000000004,3.0718878465458186
2.0,15,2,both,65,47.69230769230769,2558.8999999999996,1.42491398435113,39.3676923076923,0.22837670614345085,-1222.1200000000001,2.4974156869506414
2.0,15,2,long,46,43.47826086956522,765.4599999999996,1.180352666201723,16.640434782608686,0.029880551295031553,-944.3400000000001,1.150983552661938
2.0,15,2,short,53,50.943396226415096,2527.2800000000007,1.5382069705733283,47.68452830188681,0.3135152056250663,-1336.8600000000004,3.060537856207366
2.0,15,4,both,65,46.15384615384615,2004.8999999999994,1.3198168737737086,30.844615384615377,0.17992277852769564,-1474.0800000000002,1.9547959718729053
2.0,15,4,long,46,43.47826086956522,738.4599999999996,1.172085457816389,16.053478260869557,0.027151447379431377,-964.3400000000001,1.1019961970699448
2.0,15,4,short,53,49.056603773584904,1986.2799999999995,1.4030208096613968,37.476981132075466,0.254648307474087,-1355.8600000000001,2.4026820305437417
2.0,30,0,both,65,47.69230769230769,263.3999999999994,1.035666119623678,4.052307692307683,-0.02425115538658246,-1188.4400000000003,0.2390622637099521
2.0,30,0,long,43,41.86046511627907,-17.32000000000039,0.9961812369088304,-0.4027906976744277,-0.04877939290523814,-1630.5800000000002,-0.025192100347643485
2.0,30,0,short,48,56.25,995.9799999999996,1.2119313805180936,20.749583333333323,0.05514177314440097,-1270.38,1.2969339220135303
2.0,30,1,both,65,47.69230769230769,230.3999999999994,1.0310714805884165,3.5446153846153754,-0.02588233462069241,-1207.4400000000003,0.20867602250904305
2.0,30,1,long,43,41.86046511627907,-36.32000000000039,0.9920272198441445,-0.8446511627907067,-0.05015103260560659,-1643.0800000000002,-0.05268854297801355
2.0,30,1,short,48,56.25,973.4799999999996,1.206309578810395,20.280833333333323,0.05331046011246452,-1279.38,1.264936424730124
2.0,30,2,both,65,47.69230769230769,65.89999999999941,1.0088513880158387,1.0138461538461447,-0.03565965839154397,-1357.9400000000003,0.060286684155210074
2.0,30,2,long,43,41.86046511627907,-55.32000000000039,0.9879095180854552,-1.286511627906986,-0.05151242048647531,-1655.5800000000002,-0.08004014272519933
2.0,30,2,short,48,56.25,819.4799999999996,1.1729758482250285,17.07249999999999,0.040445683323892874,-1288.38,1.0817154285411963
2.0,30,4,both,65,47.69230769230769,-5.100000000000591,0.9993204675183476,-0.07846153846154756,-0.03910782454524148,-1400.9400000000003,-0.00464821712793218
2.0,30,4,long,43,41.86046511627907,-93.32000000000039,0.9797811721373633,-2.170232558139544,-0.05420493045969915,-1680.5800000000002,-0.13431222320849873
2.0,30,4,short,48,56.25,769.4799999999996,1.1611294220130082,16.030833333333323,0.03652039067392479,-1306.38,1.012046187704874
2.5,3,0,both,65,43.07692307692308,2717.3999999999996,1.9134486096918202,41.80615384615384,0.4898018471385639,-687.7800000000002,4.329683011746421
2.5,3,0,long,54,35.18518518518518,540.5399999999997,1.1942013364949347,10.009999999999994,0.20280932257410728,-1163.3200000000002,1.2384398342218275
2.5,3,0,short,60,45.0,2822.1000000000004,2.159487575598212,47.035000000000004,0.44660369039379866,-440.18,4.950392827373213
2.5,3,1,both,65,40.0,2018.3999999999994,1.6257906094203445,31.052307692307682,0.3835591894039682,-699.2800000000002,3.2688959163771676
2.5,3,1,long,54,37.03703703703704,1007.5399999999997,1.3751554552698408,18.658148148148143,0.2672102152453647,-950.34,2.191924902303142
2.5,3,1,short,60,41.66666666666667,2112.5999999999995,1.7881659453812866,35.209999999999994,0.33066730035721653,-564.9399999999996,3.7717860693447802
2.5,3,2,both,65,40.0,2044.3999999999994,1.6262789643299154,31.452307692307684,0.38381301861249,-710.7800000000002,3.276023231613323
2.5,3,2,long,54,37.03703703703704,1020.5399999999997,1.3752454350911514,18.898888888888884,0.26718150280206215,-959.34,2.195505322867911
2.5,3,2,short,60,41.66666666666667,2128.0999999999995,1.783715106429992,35.46833333333333,0.3301187466232568,-570.9399999999994,3.7618202682693376
2.5,3,4,both,65,40.0,2096.3999999999996,1.6272214842207309,32.25230769230769,0.38429585638897396,-733.7800000000002,3.289675184703414
2.5,3,4,long,54,38.88888888888889,1232.5399999999997,1.4510799950227273,22.82481481481481,0.330896523981712,-977.34,2.5859271254763363
2.5,3,4,short,60,43.333333333333336,2334.6000000000004,1.8541761184855627,38.910000000000004,0.38639558037880406,-582.9399999999989,4.047376928372367
2.5,5,0,both,65,33.84615384615385,830.3999999999994,1.1744787070421827,12.775384615384606,0.09980396319039145,-975.4200000000001,1.0928106053122777
2.5,5,0,long,53,26.41509433962264,-552.7200000000003,0.8639579015767224,-10.428679245283023,-0.14137517250779807,-1289.8200000000002,-0.9892618317011197
2.5,5,0,short,58,39.6551724137931,2067.0799999999995,1.5788680724747268,35.63931034482758,0.18589847587075492,-707.94,2.9373058010034705
2.5,5,1,both,65,33.84615384615385,830.3999999999994,1.1729164237285314,12.775384615384606,0.0993230039422305,-983.4200000000001,1.0849438700343632
2.5,5,1,long,53,28.30188679245283,-319.22000000000025,0.9207914404533866,-6.023018867924533,-0.07644244110465627,-1300.8200000000002,-0.5614198202384032
2.5,5,1,short,58,39.6551724137931,2068.58,1.5736653817354895,35.6651724137931,0.18504227116142583,-713.94,2.9196891796731017
2.5,5,2,both,65,33.84615384615385,830.3999999999995,1.1713818695153264,12.775384615384608,0.09884565384382285,-991.4200000000001,1.0771702977349313
2.5,5,2,long,53,28.30188679245283,-325.72000000000025,0.9199335319508771,-6.145660377358495,-0.07666371872181564,-1311.8200000000002,-0.5682354386749735
2.5,5,2,short,58,39.6551724137931,2070.08,1.568562718009284,35.69103448275862,0.18419436566021605,-719.94,2.9022542856650246
2.5,5,4,both,65,33.84615384615385,432.3999999999994,1.087684433376865,6.652307692307684,0.0612366894560986,-1032.7600000000002,0.5732990136505377
2.5,5,4,long,53,28.30188679245283,-338.72000000000025,0.9182649151086364,-6.39094339622642,-0.07710191517471549,-1333.8200000000002,-0.5815209653289436
2.5,5,4,short,58,39.6551724137931,1675.0799999999997,1.4513945404079878,28.880689655172407,0.14143292539459612,-731.94,2.3964117617003824
2.5,10,0,both,65,32.30769230769231,508.3999999999995,1.0791153521753611,7.821538461538454,-0.016714662831735328,-1234.88,0.511132995693657
2.5,10,0,long,50,30.0,-1001.0000000000005,0.8065102253836939,-20.02000000000001,-0.22179269656785777,-1680.8800000000003,-1.459789127284268
2.5,10,0,short,57,45.614035087719294,3200.8199999999997,1.719456769477674,56.15473684210526,0.37242215787416,-1221.84,3.6347051113903324
2.5,10,1,both,65,32.30769230769231,488.8999999999995,1.075586806554052,7.521538461538454,-0.018165695559208724,-1245.38,0.48937951837665516
2.5,10,1,long,50,30.0,-1027.5000000000005,0.8026846410876832,-20.550000000000008,-0.22321916722807467,-1703.8800000000003,-1.4931820604316846
2.5,10,1,short,57,45.614035087719294,3206.3199999999997,1.7159457311027952,56.251228070175436,0.37087182340934993,-1232.84,3.6217371252365473
2.5,10,2,both,65,32.30769230769231,469.3999999999995,1.072103790134039,7.221538461538454,-0.01960071655875659,-1255.88,0.4678113084927749
2.5,10,2,long,50,30.0,-1054.0000000000005,0.7989086885183351,-21.08000000000001,-0.22463224166305756,-1726.8800000000003,-1.5263258366939387
2.5,10,2,short,57,45.614035087719294,3211.8199999999997,1.7124806452614725,56.34771929824561,0.36934024177731,-1243.84,3.6088676057920006
2.5,10,4,both,65,33.84615384615385,597.3999999999995,1.0918043065347949,9.190769230769224,0.021551897461233843,-1276.88,0.5967999624396002
2.5,10,4,long,50,34.0,-455.50000000000045,0.9098273356798683,-9.110000000000008,-0.11635566693400232,-1373.4600000000003,-0.6467711977963404
2.5,10,4,short,57,45.614035087719294,3093.3199999999997,1.677328802217678,54.26877192982456,0.3556404722330287,-1265.8400000000001,3.4921688462458973
2.5,15,0,both,65,43.07692307692308,2217.8999999999996,1.348404305453449,34.12153846153846,0.17259964617239143,-1420.0800000000002,2.0419666081987833
2.5,15,0,long,46,43.47826086956522,1151.4599999999996,1.2683593039895218,25.031739130434772,0.08618874049993168,-954.8400000000001,1.6359614689368165
2.5,15,0,short,53,45.28301886792453,2078.7799999999997,1.411357762800141,39.22226415094339,0.22743470962171256,-1266.3600000000001,2.3390419918026186
2.5,15,1,both,65,43.07692307692308,2205.3999999999996,1.3445732909608494,33.92923076923076,0.17103989069357037,-1433.5800000000002,2.022504438288576
2.5,15,1,long,46,43.47826086956522,1229.4599999999996,1.291290152911575,26.727391304347815,0.09536952657800205,-870.8400000000001,1.7512109898346693
2.5,15,1,short,53,45.28301886792453,2072.2799999999997,1.407852059453332,39.09962264150943,0.225703770463404,-1275.3600000000001,2.3216159881176903
2.5,15,2,both,65,43.07692307692308,2192.8999999999996,1.3407833557113733,33.73692307692307,0.169494040681204,-1447.0800000000002,2.003176545027048
2.5,15,2,long,46,43.47826086956522,1213.9599999999996,1.286025295459258,26.390434782608686,0.09354979001099491,-880.3400000000001,1.7234126330915713
2.5,15,2,short,53,45.28301886792453,2065.7799999999997,1.4043841001006176,38.976981132075466,0.2239908177741586,-1284.3600000000001,2.3043232380321164
2.5,15,4,both,65,43.07692307692308,2038.3999999999994,1.3134129165974775,31.359999999999992,0.15706772681805536,-1474.0800000000002,1.8700735010957508
2.5,15,4,long,46,43.47826086956522,1182.9599999999996,1.2756685713220424,25.716521739130425,0.08995839186672046,-899.3400000000001,1.6683103645563588
2.5,15,4,short,53,45.28301886792453,1923.2799999999995,1.3724789191743523,36.288301886792446,0.20911937420608487,-1302.3600000000001,2.158252643845071
2.5,30,0,both,65,47.69230769230769,154.3999999999994,1.0209067914574634,2.3753846153846063,-0.03519033347941938,-1314.9400000000003,0.13972591546801866
2.5,30,0,long,43,41.86046511627907,130.6799999999996,1.0288126998125897,3.0390697674418514,-0.0376943623948216,-1630.5800000000002,0.1827916046542497
2.5,30,0,short,48,56.25,835.9799999999996,1.177885495176124,17.41624999999999,0.04020633783478969,-1270.38,1.1065342751514582
2.5,30,1,both,65,47.69230769230769,111.89999999999941,1.0150907060670304,1.7215384615384524,-0.037397519428187934,-1336.4400000000003,0.10113926137212446
2.5,30,1,long,43,41.86046511627907,104.67999999999961,1.0229788168148393,2.4344186046511536,-0.03978140460481144,-1643.0800000000002,0.14620810108676258
2.5,30,1,short,48,56.25,806.4799999999996,1.1709172752588728,16.80166666666666,0.03779423623378176,-1279.38,1.066122306349495
2.5,30,2,both,65,47.69230769230769,69.39999999999941,1.0093214920834477,1.0676923076922986,-0.039588288581689765,-1357.9400000000003,0.06264829124195398
2.5,30,2,long,43,41.86046511627907,78.67999999999961,1.017195934870506,1.829767441860456,-0.041852258769315656,-1655.5800000000002,0.10973186036289442
2.5,30,2,short,48,56.25,776.9799999999996,1.1640049477154815,16.187083333333323,0.03540057491782191,-1288.38,1.0258108131627288
2.5,30,4,both,65,47.69230769230769,-15.600000000000591,0.9979214300561216,-0.2400000000000091,-0.043921333652545295,-1400.9400000000003,-0.014047357708284391
2.5,30,4,long,43,41.86046511627907,26.67999999999961,1.005780522153613,0.6204651162790606,-0.045946188906092374,-1680.5800000000002,0.03710015873488969
2.5,30,4,short,48,56.25,717.9799999999996,1.1503453012643599,14.957916666666657,0.030667703162909482,-1313.0800000000002,0.945489029805064
3.0,3,0,both,65,36.92307692307693,2572.3999999999996,1.7780204092743033,39.57538461538461,0.45898590086221003,-650.6799999999985,3.6858291729078227
3.0,3,0,long,54,35.18518518518518,1158.0399999999995,1.4160523101243088,21.445185185185178,0.3669125072973835,-1120.3200000000002,2.3620581726440277
3.0,3,0,short,60,38.333333333333336,2510.6000000000004,1.9078679964417198,41.84333333333334,0.3722558765763125,-558.9399999999987,3.9612270775234
3.0,3,1,both,65,36.92307692307693,2603.3999999999996,1.7777518865726216,40.052307692307686,0.45926471251525003,-657.6799999999985,3.6910759440512075
3.0,3,1,long,54,37.03703703703704,1699.0399999999995,1.632634063880015,31.463703703703693,0.4405088237893471,-906.34,3.2731689913472333
3.0,3,1,short,60,38.333333333333336,2528.6000000000004,1.9023044697721232,42.14333333333334,0.3717089339050074,-564.9399999999987,3.9503669501308667
3.0,3,2,both,65,35.38461538461539,2441.8999999999996,1.7101477935659493,37.567692307692305,0.3990945388901097,-664.6799999999985,3.428437292074106
3.0,3,2,long,54,35.18518518518518,1303.5399999999995,1.4706090472580242,24.13962962962962,0.32662781141977876,-914.34,2.5637708645391974
3.0,3,2,short,60,38.333333333333336,2546.6000000000004,1.8968859398882865,42.44333333333334,0.3711686321077701,-570.9399999999987,3.9396277633065706
3.0,3,4,both,65,33.84615384615385,2181.3999999999996,1.6053861438895245,33.559999999999995,0.3387027759800039,-678.6799999999987,3.0195605036357716
3.0,3,4,long,54,35.18518518518518,1231.5399999999995,1.4297968869965803,22.80629629629629,0.32574078747384655,-930.34,2.3892223903286145
3.0,3,4,short,60,40.0,2783.1000000000004,1.9727241589016968,46.385000000000005,0.43563091249294433,-582.9399999999987,4.221170213076602
3.0,5,0,both,65,32.30769230769231,1057.3999999999994,1.219261139311901,16.2676923076923,0.13195484822384457,-975.4200000000001,1.3018816538113906
3.0,5,0,long,53,26.41509433962264,-323.72000000000025,0.9203221376074987,-6.107924528301892,-0.08109061529339542,-1199.8200000000002,-0.5420009871025802
3.0,5,0,short,58,37.93103448275862,2050.08,1.5641169575195237,35.34620689655172,0.1869352639837203,-707.94,2.803172401469251
3.0,5,1,both,65,32.30769230769231,1058.8999999999994,1.2175869608101002,16.29076923076922,0.1314185542859309,-983.4200000000001,1.2938811597801891
3.0,5,1,long,53,28.30188679245283,-52.72000000000021,0.9869185036673852,-0.9947169811320795,-0.0068723773099275505,-1209.8200000000002,-0.08652891980058049
3.0,5,1,short,58,37.93103448275862,2048.58,1.558174892510913,35.320344827586204,0.18581403354244638,-713.94,2.7823505718099444
3.0,5,2,both,65,32.30769230769231,1060.3999999999994,1.215942784529667,16.313846153846146,0.13088656344576816,-991.4200000000001,1.2859791367690203
3.0,5,2,long,53,28.30188679245283,-56.22000000000021,0.986180348662282,-1.060754716981136,-0.007173360432927588,-1219.8200000000002,-0.09149912620726951
3.0,5,2,short,58,37.93103448275862,2047.0799999999997,1.552348265311079,35.29448275862068,0.18470374986435245,-719.94,2.761745591883309
3.0,5,4,both,65,32.30769230769231,1063.3999999999994,1.2127412694856121,16.359999999999992,0.12983547581079652,-1007.4200000000001,1.270465166389086
3.0,5,4,long,53,28.30188679245283,-63.22000000000021,0.9847446502514412,-1.1928301886792494,-0.007768362788635265,-1239.8200000000002,-0.10118967210655103
3.0,5,4,short,58,37.93103448275862,2044.0799999999997,1.541028124950373,35.24275862068965,0.1825155796555075,-731.94,2.721178980978964
3.0,10,0,both,65,29.230769230769234,-46.60000000000052,0.9930520766239654,-0.7169230769230849,-0.08183556388440794,-1659.5600000000004,-0.04568195799529606
3.0,10,0,long,50,28.000000000000004,-1126.0000000000005,0.7876128895964271,-22.52000000000001,-0.25166821642024684,-2007.4600000000003,-1.5762062448719285
3.0,10,0,short,57,43.859649122807014,3207.3199999999997,1.6969889257836268,56.26877192982456,0.39303691582542843,-1170.8400000000001,3.497431639325949
3.0,10,1,both,65,29.230769230769234,-79.10000000000052,0.988283286723231,-1.216923076923085,-0.08397321106680443,-1689.0600000000004,-0.07728899611219989
3.0,10,1,long,50,28.000000000000004,-1154.0000000000005,0.7837590693769866,-23.08000000000001,-0.25309610767395485,-2029.4600000000003,-1.6095558036337567
3.0,10,1,short,57,43.859649122807014,3202.8199999999997,1.6914282260188507,56.189824561403505,0.3905062014082335,-1181.3400000000001,3.477805192915701
3.0,10,2,both,65,29.230769230769234,-214.10000000000053,0.968491723374697,-3.293846153846162,-0.09639427631171248,-1718.5600000000004,-0.2107040222907934
3.0,10,2,long,50,28.000000000000004,-1182.0000000000005,0.7799554698378897,-23.640000000000008,-0.2545105760598681,-2051.46,-1.64264940752901
3.0,10,2,short,57,43.859649122807014,3095.8199999999997,1.6639572091586812,54.31263157894736,0.3762510602580582,-1191.8400000000001,3.380042293091035
3.0,10,4,both,65,30.76923076923077,52.39999999999948,1.0077100775421923,0.8061538461538381,-0.04020795890564152,-1777.5600000000004,0.050904827618628884
3.0,10,4,long,50,30.0,-882.5000000000005,0.8325554037644205,-17.65000000000001,-0.21547647809869325,-1739.9600000000003,-1.2129937192932407
3.0,10,4,short,57,43.859649122807014,3079.8199999999997,1.651995901500525,54.031929824561395,0.3706909859754296,-1212.8400000000001,3.336205128852174
3.0,15,0,both,65,40.0,1316.3999999999994,1.198541255678425,20.25230769230768,0.07129749608679677,-1420.0800000000002,1.2162193210964067
3.0,15,0,long,46,39.130434782608695,508.4599999999996,1.113654855467039,11.053478260869555,-0.019531853011395456,-1396.3400000000001,0.7207206545983081
3.0,15,0,short,53,43.39622641509434,1401.2799999999995,1.2700117540512945,26.43924528301886,0.1492257839327782,-1215.3600000000001,1.6154308481842656
3.0,15,1,both,65,40.0,1287.8999999999994,1.193179397797464,19.813846153846146,0.06903088168099064,-1433.58,1.186379434569313
3.0,15,1,long,46,39.130434782608695,578.4599999999996,1.1313123975647075,12.575217391304339,-0.010739293064156252,-1315.8400000000001,0.822125665804968
3.0,15,1,short,53,43.39622641509434,1378.7799999999995,1.2642252117588446,26.014716981132068,0.1464091747355696,-1223.8600000000001,1.5848228274944638
3.0,15,2,both,65,40.0,1156.8999999999994,1.1725850916555283,17.79846153846153,0.05647878556587369,-1447.08,1.0719372857665879
3.0,15,2,long,46,39.130434782608695,554.9599999999996,1.1252669167671134,12.064347826086948,-0.012942851677944178,-1328.8400000000001,0.7866264832125245
3.0,15,2,short,53,43.39622641509434,1253.7799999999995,1.2389654449463476,23.65622641509433,0.1309812888741835,-1232.3600000000001,1.4528594963240595
3.0,15,4,both,65,40.0,1092.8999999999994,1.1612812778541874,16.813846153846146,0.05148853918920732,-1474.0800000000002,1.0072526578735423
3.0,15,4,long,46,39.130434782608695,507.9599999999996,1.113378360884064,11.042608695652165,-0.0172889787715339,-1354.8400000000001,0.716173687364934
3.0,15,4,short,53,43.39622641509434,1201.7799999999995,1.2265927560005285,22.675094339622632,0.12480220477659512,-1249.3600000000001,1.3854310142905233
3.0,30,0,both,65,47.69230769230769,143.3999999999994,1.0194173179727997,2.2061538461538373,-0.035698533987619886,-1314.9400000000003,0.13002335033943876
3.0,30,0,long,43,41.86046511627907,119.67999999999961,1.0263873883805534,2.7832558139534793,-0.03846257246535727,-1630.5800000000002,0.16792353612724165
3.0,30,0,short,48,56.25,721.4799999999996,1.153521408478277,15.030833333333325,0.028792860960786513,-1270.38,0.971997965159799
3.0,30,1,both,65,47.69230769230769,97.89999999999941,1.0132026820729427,1.506153846153837,-0.03804238354610594,-1336.4400000000003,0.08870432350186401
3.0,30,1,long,43,41.86046511627907,90.67999999999961,1.0199056086049831,2.1088372093023167,-0.04075619920166426,-1643.0800000000002,0.12715345446582996
3.0,30,1,short,48,56.25,688.9799999999996,1.1460155047959752,14.353749999999991,0.026137490202035735,-1279.38,0.9274829485591618
3.0,30,2,both,65,47.69230769230769,52.39999999999941,1.0070381294693467,0.806153846153837,-0.04036900040717772,-1357.9400000000003,0.047444225019662195
3.0,30,2,long,43,41.86046511627907,61.67999999999961,1.0134804939350892,1.4344186046511538,-0.043032404552029994,-1655.5800000000002,0.08643460633559455
3.0,30,2,short,48,56.25,656.4799999999996,1.1385698062707652,13.676666666666657,0.023502865597126804,-1288.38,0.8830375982699432
3.0,30,4,both,65,47.69230769230769,-38.60000000000059,0.9948568718055313,-0.5938461538461629,-0.04497132223962587,-1400.9400000000003,-0.03489952843359215
3.0,30,4,long,43,41.86046511627907,3.679999999999609,1.0007973134004984,0.08558139534882811,-0.04753338095633044,-1680.5800000000002,0.005150440046101124
3.0,30,4,short,48,56.25,591.4799999999996,1.1238561502992335,12.322499999999991,0.018294854962596502,-1313.0800000000002,0.7943554282606827
